SMILES,Ered(V)
Cc1c2c(cc3nsnc13)N(C)CCN2CCN(C)C,1.27
CCN1CCN(CCOC)c2c1cc1nsnc1c2C,1.27
CCNc1c2c(cc3nsnc13)N(C)CCN2C(C)C,1.24
CCCN1CCN(CC)c2cc3nsnc3c(NCC)c21,1.22
CCNc1c2c(cc3nsnc13)N(CC)CCN2C(C)C,1.2
CCCNc1c2c(cc3nsnc13)N(CC)CCN2C,1.39
CCNc1c2c(cc3nsnc13)N(C(C)CC)CCN2C,1.22
Cc1c2c(cc3nsnc13)N(C)CCN2CC(C)C,1.27
CCCNc1c2c(cc3nsnc13)N(C)CCN2CCC,1.28
CC(C)Nc1c2c(cc3nsnc13)N(C(C)C)CCN2C,1.24
CCN1CCN(C(C)C)c2cc3nsnc3c(C)c21,1.26
CNc1c2c(cc3nsnc13)N(C(C)C)CCN2C,1.22
CCC(C)N1CCN(C)c2cc3nsnc3c(NC)c21,1.18
CCNc1c2c(cc3nsnc13)N(C(C)C)CCN2C,1.23
CCCNc1c2c(cc3nsnc13)N(C)CCN2CC,1.14
CCCN1CCN(C)c2cc3nsnc3c(NC)c21,1.26
CC(C)CNc1c2c(cc3nsnc13)N(C)CCN2C,1.24
CC(C)N1c2cc3nsnc3cc2CC1C,1.29
CCCN1CCN(C(C)C)c2cc3nsnc3c(NC)c21,1.35
CCN1CCN(CC)c2c1cc1nsnc1c2NC,1.27
CC(C)Nc1c2c(cc3nsnc13)N(C)CCN2C(C)C,1.49
CCN1CCN(CC(C)C)c2cc3nsnc3c(NC)c21,1.3
CCCNc1c2c(cc3nsnc13)N(C)CCN2C(C)C,1.08
CCCN1CCN(C(C)C)c2c1cc1nsnc1c2NC,1.19
CCN1CCN(C(C)C)c2cc3nsnc3c(NC)c21,1.18
CCN1CCN(C)c2cc3nsnc3c(NCCOC)c21,1.35
CCCCN1CCN(CC)c2cc3nsnc3c(NC)c21,1.36
CCCN1CCN(C(C)C)c2c1cc1nsnc1c2CC,1.38
CNc1c2c(cc3nsnc13)N(C)CCC2,1.28
CCCN1CCN(C)c2cc3nsnc3c(NCC)c21,1.37
CCNc1c2c(cc3nsnc13)N(CC)CCN2C,1.23
CCCN1CCN(CC)c2c1cc1nsnc1c2C,1.23
CCCNc1c2c(cc3nsnc13)N(C)CCN2C,1.24
CCNc1c2c(cc3nsnc13)N(C)CCN2CC,1.21
CCN(C)c1c2c(cc3nsnc13)N(C(C)C)CCN2C,1.16
CCCCNc1c2c(cc3nsnc13)N(CC)CCN2C,1.18
CCc1c2c(cc3nsnc13)N(CC)CCN2C(C)CC,1.22
CCc1c2c(cc3nsnc13)N(CC)CCN2CC,1.25
CCN1CCN(CC)c2c1cc1nsnc1c2C,1.31
CCC(C)N1CCN(CC)c2cc3nsnc3c(NC)c21,1.17
CCN1CCN(CC(C)C)c2c1cc1nsnc1c2NC,1.34
CCCN1CCN(C)c2c1cc1nsnc1c2NC(C)C,1.19
CCN1CCN(C)c2cc3nsnc3c(C)c21,1.24
CCCN1CCN(C)c2c1cc1nsnc1c2NC,1.23
COCCNc1c2c(cc3nsnc13)N(C)CCN2C,1.16
CCc1c2c(cc3nsnc13)N(C)CCN2C(C)C,1.29
CCCN1CCN(C(C)CC)c2c1cc1nsnc1c2C,1.17
CCCCN1CCN(CC)c2c1cc1nsnc1c2CC,1.16
CCCN1CCN(CC)c2c1cc1nsnc1c2CC,1.26
CNc1c2c(cc3nsnc13)N(C)CCN2C,1.24
CCC(C)N1CCN(C)c2c1cc1nsnc1c2NC,1.11
CCCCN1CCN(C(C)C)c2c1cc1nsnc1c2C,1.16
CCNc1c2c(cc3nsnc13)N(CC)CCN2CC,1.3
CNc1c2c(cc3nsnc13)N(C)CCN2CCOC,1.16
CCCCN1CCN(C(C)CC)c2cc3nsnc3cc21,1.05
CCCN1CCN(CC)c2c1cc1nsnc1c2C(C)C,1.3
CCCc1c2c(cc3nsnc13)N(CC)CCN2C(C)C,1.27
CCN1CCN(C)c2c1cc1nsnc1c2NC(C)C,0.98
CCCCN1CCN(C)c2cc3nsnc3c(NC)c21,1.22
CCOCCN1CCN(C)c2cc3nsnc3c(C)c21,1.41
CCN1CN(CCOC)c2c1cc1nsnc1c2C,1.02
CCc1c2c(cc3nsnc13)N(C)CCN2C(C)CC,1.26
CCNc1cc(N(C)CC)cc2nsnc12,1.23
CCCOC1N(CC)c2cc3nsnc3cc2N1CC,1.08
CCN1CCN(C)c2cc3nsnc3c(C(C)C)c21,1.23
CCC(C)N1CCN(C)c2c1cc1nsnc1c2C,1.3
CCCN1CCN(CC)c2cc3nsnc3c(NC)c21,1.19
CCCN1CCN(CC)c2c1cc1nsnc1c2NCC,1.17
CCCOC1N(C)c2cc3nsnc3cc2N1CC,1.15
CCCOC1N(C)c2cc3nsnc3cc2N1C(C)C,1.1
CCCN1CCN(C)c2cc3nsnc3c(C)c21,1.2
CC(C)Nc1c2c(cc3nsnc13)N(C)CCN2C,1.24
CNc1c2c(cc3nsnc13)N(C)CCN2CC(C)C,1.35
CCCCN1CCN(CC)c2cc3nsnc3c(CC)c21,1.31
CCCN1CCN(C(C)C)c2cc3nsnc3cc21,1.18
CCCN1CCN(CC)c2c1cc1nsnc1c2NC,1.12
CCOC1N(C)c2cc3nsnc3cc2N1C(C)C,1.11
CCOC1N(C)c2cc3nsnc3cc2N1C(C)CC,1.11
CCCCN1CCN(C(C)C)c2cc3nsnc3cc21,1.13
CCC(C)N1CCN(C)c2cc3nsnc3c(C)c21,1.22
CCCCN1CCN(C)c2cc3nsnc3c(C)c21,1.13
CCCN1c2cc3nsnc3cc2N(C)C1OC(C)C,1.12
CCN1c2cc3nsnc3cc2N(CC)C1OC,0.89
CCN1CCN(C)c2c1cc1nsnc1c2NC,1.23
CCCc1c2c(cc3nsnc13)N(C)CCN2C(C)CC,1.19
CCCCN1CCN(C)c2cc3nsnc3c(CC)c21,1.38
Cc1c2c(cc3nsnc13)N(C)CCN2C(C)C,1.15
CCN1CCc2c1cc1nsnc1c2C,1.26
CNc1c2c(cc3nsnc13)N(CC(C)C)CCN2C,1.21
CCNc1c2c(cc3nsnc13)N(C)CCN2CCOC,1.22
CCN1CCN(CC)c2c1c(C)c1nsnc1c2NC,1.29
CCC(C)Nc1c2c(cc3nsnc13)N(C)CCN2C,1.19
CCN1CC(C)c2c1cc1nsnc1c2C,1.19
Cc1c2c(cc3nsnc13)N(C)C(C)CC2,1.27
CCCN1CCN(C)c2c1cc1nsnc1c2C,1.24
CCN1CCN(CC(C)C)c2cc3nsnc3c(C)c21,1.38
CCCCN1CCN(C)c2cc3nsnc3c(CCC)c21,0.92
CCc1c2c(cc3nsnc13)N(CC)CCO2,1.27
CCN1c2cc3nsnc3cc2N(CC(C)C)C1OC,0.96
CCC(C)Nc1c2c(cc3nsnc13)N(C)CCN2CC,1.37
CCCOC1N(C)c2cc3nsnc3cc2N1CCC,1.12
CCC(C)c1c2c(cc3nsnc13)N(CC)CCN2C,1.24
CCN1CCN(CC(C)C)c2c1cc1nsnc1c2C,1.19
CCCN1CCN(C(C)C)c2cc3nsnc3c(C)c21,1.19
CCOC1N(CC)c2cc3nsnc3cc2N1C(C)C,1.14
CCOC1N(C)c2cc3nsnc3c(C)c2N1CC,0.84
CNc1c2c(cc3nsnc13)N(C)C(C)C2,1.2
CCC(C)N1c2cc3nsnc3cc2CC1C,1.32
CCCN1CCN(CCC)c2c1cc1nsnc1c2C,1.25
CCCN1CCN(CC)c2c1c(C)c1nsnc1c2C,1.36
COCCN1CCN(C)c2cc3nsnc3c(C)c21,1.21
CNc1c2c(cc3nsnc13)N(C)CCN2C(C)C,1.21
COc1c2c(cc3nsnc13)N(CC(C)C)CCN2C,1.25
CCN1CCN(C)c2c1cc1nsnc1c2NCCOC,0.96
CCN1CCc2c1cc1nsnc1c2NC,1.29
Cc1c2c(cc3nsnc13)N(C(C)C)CCO2,1.29
CCNc1c2c(cc3nsnc13)N(C)CCO2,1.28
CCCN1CCN(CC)c2cc3nsnc3c(N(C)C)c21,1.21
CCN1CCOc2c1cc1nsnc1c2C,1.26
CCN1CCOc2c1cc1nsnc1c2NC,1.26
CCCN1c2cc3nsnc3cc2N(C)C1OC,1.12
CC(C)CN1c2cc3nsnc3cc2CC1C,1.28
CCN1CCN(C)c2cc3nsnc3c(NC)c21,1.23
COc1cc2nsnc2c2c1CCCN2C,1.35
CC(C)CN1CCc2cc3nsnc3cc21,1.27
CNc1c2c(cc3nsnc13)N(C)CC2C,1.19
CCC(C)N1CN(C(C)CC)c2cc3nsnc3cc21,1.06
Cc1c2c(cc3nsnc13)N(CC(C)C)CN2C(C)C,1.09
CCCNc1c2c(cc3nsnc13)N(C(C)C)CCN2C,1.24
CCN1CCN(CCOC)c2cc3nsnc3c(NC)c21,1.21
CNc1c2c(cc3nsnc13)N(C)CC2,1.31
CCOc1cc2nsnc2c2c1C(C)CCN2,1.37
CCCOc1cc2nsnc2c2c1CCCN2,1.36
CCCCN1CCN(C)c2c1cc1nsnc1c2C,1.22
CCN1c2c(cc3nsnc3c2C)N(C)C1OC,1.14
CCC(C)N1CN(CC)c2c1cc1nsnc1c2C,1.13
CCNc1c2c(cc3nsnc13)N(C(C)CC)CN2C,1.03
CCN1c2cc3nsnc3c(C)c2N(C)C1OC,1.22
CCN1CN(CC)c2c1c(C)c1nsnc1c2C,1.01
CCN(C)c1cc2nsnc2c2c1OCCN2,1.54
CCOC1N(C)c2cc3nsnc3cc2N1CC(C)C,1.1
CCCN1CCN(CC(C)C)c2cc3nsnc3c(C)c21,1.25
CCCCN1CN(CCCC)c2cc3nsnc3cc21,1.13
COc1cc2nsnc2c2c1CCCN2,1.36
CCCN1CN(CC)c2c1c(C)c1nsnc1c2C,1.15
CCCN1CN(CC)c2c1cc1nsnc1c2C,1.1
CNc1c2c(cc3nsnc13)N(C)CCO2,1.27
COc1cc2nsnc2c2c1C(C)CCN2,1.38
COC1N(C)c2cc3nsnc3c(C)c2N1C(C)C,0.8
CCCN1CCN(C)c2c1cc1nsnc1c2N(C)CC,1.32
CC(C)Oc1cc(N(C)C)c2nsnc2c1,1.29
CCCN1CN(C)c2c1cc1nsnc1c2NCC,1.22
CCNc1c(C)c(OCC)cc2nsnc12,1.67
CCN1CN(CC)c2cc3nsnc3cc21,1.12
CCNc1c2c(cc3nsnc13)N(C)CCN2CC(C)C,1.35
CCCN1CN(C(C)C)c2cc3nsnc3c(NC)c21,1.08
CCN1CN(C(C)C)c2cc3nsnc3c(NC)c21,1.01
CCCN1CCN(CC)c2c1cc1nsnc1c2N(C)C,1.21
CNc1c(C)c(OC(C)C)cc2nsnc12,1.36
CCCCN1CN(C(C)CC)c2cc3nsnc3cc21,0.78
CC(C)OC1N(C)c2cc3nsnc3cc2N1C(C)C,1.11
CCC(C)N1CN(CC)c2c1cc1nsnc1c2NC,1.29
CCC(C)N1c2cc3nsnc3cc2N(CC)C1OC,1.15
COc1cc2nsnc2c2c1OCCCC2,1.61
CCCN1CN(CC)c2cc3nsnc3cc21,1.03
CCOc1cc2nsnc2cc1OCC,1.53
CCOc1cc(N(C)C)c2nsnc2c1,1.22
CC1Cc2c(c3c(c4nsnc24)NCCC3)O1,1.36
COc1cc2nsnc2c2c1OC(C)CC2,1.36
CCCCN1CN(C)c2c1cc1nsnc1c2NCC,1
CCNc1c2c(cc3nsnc13)N(C)CCN2C(C)CC,1.18
CCNc1c(C)c(OC)cc2nsnc12,1.58
Cc1cc2nsnc2c2c1C(C)CCN2,1.32
CCC(C)N1CN(C)c2c1cc1nsnc1c2NC,1.2
CCOc1cc2nsnc2c(NC)c1C,1.32
CCC(C)N1CN(CC)c2cc3nsnc3c(NC)c21,1.38
CCN1CN(CC(C)C)c2cc3nsnc3cc21,1.14
CCCN1CN(C)c2c1cc1nsnc1c2NC(C)C,1.22
CCCCN1c2cc3nsnc3cc2N(CC)C1OC,1.1
Cc1cc2nsnc2c2c1CCC(C)N2,1.48
COc1cc2nsnc2c2c1CC(C)CN2,1.29
CCN1CN(C(C)C)c2cc3nsnc3cc21,1.05
COc1cc2nsnc2cc1OCC(C)C,1.37
CNc1c2c(cc3nsnc13)N(CC(C)C)CN2C,1.24
CCOCCN1CCN(C)c2cc3nsnc3c(CC)c21,1.3
CCCN1CCN(C(C)C)c2cc3nsnc3c(OC)c21,1.42
CCNc1cc(OCC(C)C)cc2nsnc12,1.37
CCOC1N(C)c2cc3nsnc3cc2N1CC,1.14
CCNc1cc(OCC)cc2nsnc12,1.43
CNc1c(N(C)C)c(OC)cc2nsnc12,1.21
CCCOc1cc2nsnc2c(NC)c1C,1.36
CC(C)CN1CN(C(C)C)c2cc3nsnc3cc21,1.03
CCN1c2cc3nsnc3c(C)c2N(CC)C1OC,1.16
CCc1c2c(cc3nsnc13)N(CC)CN2C(C)C,1.08
CCC1Oc2c(cc3nsnc3c2N(C)C)OC1C,1.44
CCCCN1CN(C(C)C)c2cc3nsnc3cc21,1.13
CCN1CN(CC(C)C)c2c1cc1nsnc1c2NC,1.24
CCc1c2c(cc3nsnc13)N(CC(C)C)CN2CC,1.2
CCCCN1CCN(C)c2c1c(C)c1nsnc1c2NC,1.52
CCN(CC)c1c2c(cc3nsnc13)OCC(C)O2,1.53
C1CNc2c(c3c(c4nsnc24)CCO3)C1,1.37
CCN1CCN(C)c2c1c(NC)c1nsnc1c2C,1.27
CCCCN1CN(CC)c2c1cc1nsnc1c2C,1.14
COC1N(C)c2c(cc3nsnc3c2C)N1C(C)C,1.21
CCNc1c2c(c(C)c3nsnc13)N(CC)CCN2C,1.28
CCCc1c2c(cc3nsnc13)N(CCC)CN2CC,1.04
CCN1CN(C)c2c1c(C)c1nsnc1c2NC,1.17
CCN1c2cc3nsnc3cc2N(C)C1OC(C)C,1.14
CCc1c2c(cc3nsnc13)N(CC)C(OC)N2C,1.14
CCOc1cc(NCC(C)C)c2nsnc2c1,1.45
CCc1c2c(c(NC)c3nsnc13)N(C)CCN2CC,1.36
CCCCN1CN(C(C)C)c2c1cc1nsnc1c2C,1.01
CNc1c2c(c(C)c3nsnc13)N(C)CCN2C(C)C,1.26
CCOC1N(C)c2cc3nsnc3c(NC)c2N1C,1.14
COc1cc2nsnc2c(NC(C)C)c1C,1.07
CNc1c(C(C)C)c(OC)cc2nsnc12,1.34
CNc1c2c(c(C)c3nsnc13)N(C(C)C)CN2C,1.2
CC1CCNc2c1c1c(c3nsnc23)CCO1,1.32
CCNc1cc(OC)cc2nsnc12,1.51
CCCc1c2c(cc3nsnc13)N(C(C)C)CN2CC,1.14
COc1c2c(cc3nsnc13)N(C(C)C)CCN2C,1.26
CCC(C)N1CCN(C)c2c1c(NC)c1nsnc1c2C,1.26
Cc1c2c(cc3nsnc13)N(C(C)C)CN2C(C)C,0.95
CCNc1c2c(cc3nsnc13)OCCC2,1.44
CCCc1c(OC)cc2nsnc2c1NC,1.38
CNc1c2c(cc3nsnc13)N(C)CN2CC(C)C,0.9
CCc1c2c(cc3nsnc13)N(C(C)CC)CN2C,1
CCc1c2c(c(C)c3nsnc13)N(CC)CN2CC,1.07
CCc1c2c(cc3nsnc13)N(CC)CN2CC,1.11
CCCNc1c2c(cc3nsnc13)OCCC2,1.45
CCC(C)N1CN(CC)c2cc3nsnc3c(C)c21,1.13
CCOc1cc(NC(C)C)c2nsnc2c1,1.59
COc1cc2nsnc2c2c1CCCCN2,1.42
CCNc1c(CC)c(C)cc2nsnc12,1.49
CCC(C)N1CN(C)c2c1c(C)c1nsnc1c2C,0.99
CCOc1cc(NC(C)CC)c2nsnc2c1,1.23
CCNc1c2c(cc3nsnc13)OCC(C)C2,1.43
CCCCN1CN(CCC)c2c1cc1nsnc1c2C,1
CCN1c2c(ccc3nsnc23)CCC1C,1.52
CCNc1cc(OC(C)CC)cc2nsnc12,1.35
CCCN1CN(CC(C)C)c2cc3nsnc3cc21,1.12
Cc1c2c(cc3nsnc13)N(C(C)C)CN2C,1.13
CC(C)CN1CN(CC(C)C)c2cc3nsnc3cc21,1.1
CNc1c2c(cc3nsnc13)OC(C)CC2,1.41
CNc1c(C)c2c(c3nsnc13)CC(C)O2,1.4
CCc1c2c(c(C)c3nsnc13)N(C(C)C)CN2C,1.22
CCOCCN1CN(CC)c2cc3nsnc3cc21,1.06
CCN1CN(CC)c2c1cc1nsnc1c2C,1.09
CCCNc1c2c(cc3nsnc13)N(C(C)C)CN2C,1.22
CCCN1CN(CCC)c2cc3nsnc3cc21,1.04
CCCc1c(C)cc2nsnc2c1NCC,1.44
CCN1CN(C(C)C)c2c1cc1nsnc1c2C,1.25
CCCOc1cc(NC(C)C)c2nsnc2c1,1.23
CCC(C)N1CN(C)c2c1cc1nsnc1c2C,1.04
CCCCN1CN(C)c2cc3nsnc3cc21,1.11
CCN1c2cc3nsnc3cc2N(C)C1OCC(C)C,1.15
CCCN1CN(C(C)CC)c2cc3nsnc3cc21,1.11
CCNc1c2c(cc3nsnc13)N(C(C)C)CN2C,1.34
CCCN1CN(CCC)c2c1cc1nsnc1c2C,1.05
CCCN1c2cc3nsnc3c(C)c2N(C)C1OC,1.2
CCOc1c2c(cc3nsnc13)N(C(C)C)CCN2C,1.25
CNc1c(N(C)C)c(C)cc2nsnc12,1.48
CCN1CN(C)c2c1c(C)c1nsnc1c2C,1.12
CCCCN1CN(CC(C)C)c2cc3nsnc3cc21,1.07
CCN(C)c1cc(OC)cc2nsnc12,1.33
CC(C)CN1CN(C)c2cc3nsnc3cc21,1.05
CCCN1CN(C(C)C)c2cc3nsnc3cc21,1.02
Cc1c2c(cc3nsnc13)N(CC(C)C)CN2C,1.11
CCCN1CN(C(C)C)c2c1cc1nsnc1c2C,1.24
CCCN1CN(C)c2c1cc1nsnc1c2C,1.12
CNc1c2c(c(C)c3nsnc13)OCCC2,1.38
CNc1c2c(cc3nsnc13)OCCC2C,1.43
CCNc1c2c(cc3nsnc13)OC(C)C2C,1.37
CCCN1CN(C(C)CC)c2cc3nsnc3c(C)c21,1.13
CC1CNc2c(c3c(c4nsnc24)CCO3)C1,1.43
CCNc1c2c(cc3nsnc13)N(CC)CN2C,1.13
CCNc1c2c(cc3nsnc13)N(CC)CN2C(C)C,1.12
Cc1c2c(cc3nsnc13)N(C)CN2C(C)C,1.09
CCC(C)OC1N(C)c2cc3nsnc3cc2N1C,1.11
CNc1c2c(cc3nsnc13)OCCC2,1.41
CCCCN1CN(CC)c2cc3nsnc3c(C)c21,0.93
CCNc1c2c(cc3nsnc13)N(CC)CN2CC,0.86
CCN1c2cc3nsnc3cc2N(C)C1OC,1.11
COc1cc(NC(C)C)c2nsnc2c1,1.23
Cc1c2c(cc3nsnc13)N(C)CN2CC(C)C,1.07
CCCCN1CN(CCOC)c2cc3nsnc3cc21,1.23
CNc1cc2c(c3nsnc13)CCC(C)O2,1.28
CNc1c2c(cc3nsnc13)N(C(C)C)CN2C,1.21
CCCOc1cc(NC)c2nsnc2c1,1.3
CNc1c2c(cc3nsnc13)OCC(C)C2,1.41
CCNc1c(N(C)C)c(C)cc2nsnc12,1.49
CCCCN1CN(CCC)c2cc3nsnc3cc21,1.08
CCC(C)N1CN(C)c2cc3nsnc3c(C)c21,0.86
CNc1c2c(c(C)c3nsnc13)N(C(C)C)CCN2C,1.35
CCN1CN(C(C)C)c2c1c(C)c1nsnc1c2C,1.17
Cc1c2c(c(C)c3nsnc13)N(C(C)C)CN2C,1.15
Cc1c2c(cc3nsnc13)N(C)C(OC(C)C)N2C,1.19
CCCCOc1cc(NC)c2nsnc2c1,1.37
CCN1CN(C)c2c1c(NC)c1nsnc1c2C,1.22
CCNc1c2c(c(OC)c3nsnc13)N(C)CCN2C,1.53
CCCOc1cc(NCC)c2nsnc2c1,1.35
CCC(C)N1CCN(CC)c2cc3nsnc3c(OC)c21,1.2
CCc1c2c(c(C)c3nsnc13)CC(C)O2,1.37
COc1cc2nsnc2c2c1C(C)(C)CN2,1.42
CNc1c(C)c2c(c3nsnc13)C(C)CO2,1.39
CNc1c(C)c2c(c3nsnc13)CCO2,1.4
Cc1c2c(c(C)c3nsnc13)OC(C)C2,1.38
CNc1cc(OC)cc2nsnc12,1.39
CNc1c2c(cc3nsnc13)CCC2C,1.63
CC(C)CNc1c2c(cc3nsnc13)C1CCC2C1,1.35
CCN1CCN(C)c2c1c(C)c1nsnc1c2NC,1.29
CNc1c2c(cc3nsnc13)N(CCOC)CCN2C,1.25
CCN1CN(C)c2c1cc1nsnc1c2NC(C)C,1.18
CCCN1CCN(CC)c2cc3nsnc3c(OC)c21,1.3
CCNc1c2c(c(CC)c3nsnc13)C1CCC2C1,1.53
CCNc1c2c(cc3nsnc13)N(C)CN2C(C)C,1.11
CNc1cc2c(c3nsnc13)CC(C)CO2,1.42
CCNc1c2c(cc3nsnc13)OCC2C,1.44
CCCN1CN(C)c2c1cc1nsnc1c2NC,1.27
CCCN1CCN(C)c2c1c(C)c1nsnc1c2NC,1.33
CNc1c2c(c(C)c3nsnc13)OC(C)C2,1.27
CNc1c2c(cc3nsnc13)OCCN2C,1.4
CCC1Cc2c(c(C)c3nsnc3c2C)O1,1.42
CCNc1c2c(cc3nsnc13)OC(C)C(C)O2,1.31
CNc1cc2c(c3nsnc13)CCCO2,1.37
CCCCNc1cc(C)cc2nsnc12,1.47
CCNc1cc2c(c3nsnc13)C(C)(C)CO2,1.36
CCN1CN(C(C)C)c2c1cc1nsnc1c2NC,1.05
Cc1c2c(c(OC(C)C)c3nsnc13)OC(C)CO2,1.53
CCCCN1CN(CC)c2cc3nsnc3cc21,1.11
CCCN1CN(CC)c2cc3nsnc3c(NC)c21,1.11
CCN1CN(C)c2c1cc1nsnc1c2C,1.11
CCC1Oc2c(cc3nsnc3c2C)OC1C(C)C,1.33
CCNc1cc2c(c3nsnc13)CCO2,1.41
CNc1c2c(cc3nsnc13)OC(C)C2,1.44
CCN1CN(C)c2cc3nsnc3c(NC)c21,1.09
CCCNc1c2c(c(C)c3nsnc13)C1CCC2C1,1.18
CCCCN1CN(C)c2c1cc1nsnc1c2NC,1.09
CCNc1c2c(cc3nsnc13)C1CCC2C1,1.4
CCN1CN(C)c2c1cc1nsnc1c2NCC(C)C,1.09
CCN1c2cc3nsnc3c(NC)c2N(C)C1OC,1.22
CCC(C)Nc1cc(OC)cc2nsnc12,1.23
CCNc1c2c(cc3nsnc13)N(CC(C)C)CN2C,1.19
COCCN1CN(C)c2c1cc1nsnc1c2C,1.16
CCCN1CN(CC)c2cc3nsnc3c(C)c21,1.01
CCCN1CN(C)c2cc3nsnc3cc21,1.1
CCCc1cc(NCC)c2nsnc2c1,1.47
CCNc1c2c(c(CC)c3nsnc13)OC(C)CO2,1.31
CCCN1c2c(cc3nsnc3c2C)N(C)C1OC,1.11
CNc1c2c(c(C(C)C)c3nsnc13)N(C)CN2C,0.97
CCC1Oc2cc3nsnc3c(C)c2OC1C(C)C,1.42
CCCC1Oc2c(cc3nsnc3c2NC)OC1C,1.28
CC(C)CNc1c2c(cc3nsnc13)N(C)CN2C,1.37
CNc1c2c(c(C)c3nsnc13)OC(C)C(C)O2,1.44
CNc1c2c(c(C)c3nsnc13)CCN2C,1.29
Cc1c2c(c(C)c3nsnc13)C(C)(C)CO2,1.41
CCC1CNc2c1c(OC)cc1nsnc21,1.42
CNc1c2c(cc3nsnc13)N(CCOC)CN2C,1.05
CNc1c2c(c(C)c3nsnc13)C1CCC2C1,1.33
CCCN1CN(C)c2c1c(C)c1nsnc1c2C,1.11
CCNc1cc2c(c3nsnc13)C(CC)CO2,1.37
CNc1c2c(c(C)c3nsnc13)N(C)CCN2C,1.38
CCCOc1cc2nsnc2c2c1OCCN2,1.35
CC1Cc2cc3nsnc3c(N(C)C)c2O1,1.45
CCOc1cc2nsnc2c2c1OC(C)CO2,1.35
CCNc1c2c(cc3nsnc13)N(C)CC2,1.32
CCNc1c2c(c(C)c3nsnc13)OC(CC)CO2,1.37
CCC1COc2c1c(C)c1nsnc1c2C,1.44
CCNc1c2c(cc3nsnc13)OC(CC)CO2,1.4
CCC(C)N1CN(C)c2cc3nsnc3c(NC)c21,0.91
CCCNc1cc(CC)cc2nsnc12,1.41
CCOc1cc(NC)c2nsnc2c1CC,1.38
Cc1c2c(c(C)c3nsnc13)C(C)CO2,1.4
CNc1c2c(cc3nsnc13)OCCCC2,1.43
CCNc1c2c(cc3nsnc13)N(C)CN2CC(C)C,1.1
CCCN(CC(C)C)c1ccc2nsnc2c1,1.33
CCc1c2c(c(C)c3nsnc13)OCC2,1.39
CCNc1c2c(c(C)c3nsnc13)OC(C)CO2,1.45
CNc1c2c(cc3nsnc13)OCC2C,1.32
CNc1c2c(c(C)c3nsnc13)N(C)CN2C,1.12
CCc1c2c(c(NC)c3nsnc13)N(CC)CN2C,1.33
CNc1c2c(cc3nsnc13)C1CCC2C1,1.44
CCNc1c2c(cc3nsnc13)OC(C)C(CC)O2,1.5
C1COc2c3c(c4nsnc4c2C1)NCCO3,1.34
COCCOC1N(C)c2cc3nsnc3cc2N1C,0.86
CCC1COc2cc3nsnc3c(NC)c21,1.35
CNc1c2c(cc3nsnc13)N(C)CN2CCOC,1.3
CCC1Cc2c(cc(NC)c3nsnc23)O1,1.44
CCCNc1c2c(cc3nsnc13)OC(C)CO2,1.46
CC1Cc2c(cc3nsnc3c2C(C)C)O1,1.39
CCc1c2c(c(C)c3nsnc13)CCO2,1.4
CCNc1c2c(cc3nsnc13)OC(C)CO2,1.25
CCCN1CN(C)c2c1c(C)c1nsnc1c2NC,1.16
CCCNc1c2c(cc3nsnc13)N(C)CN2C,1.25
CCC1Oc2cc3nsnc3c(NC)c2OC1C,1.44
Cc1c2c(c(C)c3nsnc13)OCC2,1.39
CCCCN1CN(CCC)c2cc3nsnc3c(C)c21,0.88
CCCOc1cc(N(C)C)c2nsnc2c1,1.36
CCN1CN(C)c2c1cc1nsnc1c2NC,1.14
CCCCc1cc(NCC)c2nsnc2c1,1.48
COc1cc2nsnc2c2c1OCCN2,1.37
CC(C)Oc1c2c(cc3nsnc13)OCC(C)O2,1.52
CCCN1CN(C)c2c1c(NC)c1nsnc1c2C,1.22
CNc1c2c(cc3nsnc13)OC(C)C(C)O2,1.49
CCNc1c2c(cc3nsnc13)OC(C)C2,1.19
CCN1c2cc3nsnc3c(OC)c2N(C)C1OC,1.25
CNc1c2c(c(C)c3nsnc13)OC(C(C)C)CO2,1.45
Cc1c2c(cc3nsnc13)OC(C)C2C,1.59
CCNc1c2c(cc3nsnc13)OC(C(C)C)CO2,1.42
CCOc1cc2nsnc2c2c1OCCN2,1.33
CCCCN1CN(CC)c2cc3nsnc3c(NC)c21,1.08
CCNc1c2c(cc3nsnc13)OCC(C(C)C)O2,1.43
CCCCN1CN(CC)c2c1cc1nsnc1c2NC,1.14
CCNc1c2c(c(C)c3nsnc13)OCC(C)O2,1.38
CCCNc1c2c(cc3nsnc13)OCC(CC)O2,1.36
CCC1Oc2c(cc3nsnc3c2C)OC1C,1.59
Cc1c2c(cc3nsnc13)OC(C)C2,1.44
CCCCNc1c2c(cc3nsnc13)N(C)CN2CC,1.11
CNc1cc2c(c3nsnc13)CCCCO2,1.32
CCCNc1c2c(cc3nsnc13)N(CCC)CN2C,1.14
CCC1Cc2c(cc3nsnc3c2C)O1,1.44
CCCNc1c2c(cc3nsnc13)OCC(C)O2,1.32
CCNc1c2c(c(C)c3nsnc13)OCC2,1.39
CCOc1cc2nsnc2c(NC)c1OC,1.51
CCCN1CN(CC)c2c1cc1nsnc1c2NC,1.16
CCN1CN(CC(C)C)c2cc3nsnc3c(NC)c21,1.09
CNc1c2c(cc3nsnc13)OC(C(C)C)CO2,1.42
COc1c2c(cc3nsnc13)N(C)CCN2C(C)C,1.15
CCC(C)Nc1c2c(cc3nsnc13)N(CC)CN2C,1.24
CCCNc1c2c(cc3nsnc13)C1CCC2C1,1.58
CNc1c2c(cc3nsnc13)N(C)CN2C,1.27
CCCNc1c2c(c(CC)c3nsnc13)OCCO2,1.43
CCC1Oc2cc3nsnc3c(C)c2OC1CC,1.33
CCCN1CN(CCOC)c2cc3nsnc3cc21,1.02
CCc1c2c(c(NC)c3nsnc13)OCC(C)O2,1.44
CC1(C)CNc2c1c1c(c3nsnc23)CCO1,1.44
CCc1c2c(c(NC)c3nsnc13)OC(C)CO2,1.31
CCc1c(OC)cc(NC)c2nsnc12,1.39
CNc1c2c(c(C)c3nsnc13)OC(C)CO2,1.44
CCCCNc1cc(OC)cc2nsnc12,1.33
CCC1Cc2cc3nsnc3c(C)c2O1,1.49
CNc1cc2c(c3nsnc13)C(C)(C)CO2,1.39
CC(C)Nc1c2c(cc3nsnc13)N(C)CN2C,1.02
CCCNc1c2c(cc3nsnc13)N(CC)CN2C,1.05
CCC1COc2c(c(OC)cc3nsnc23)O1,1.36
CCCC1Oc2cc3nsnc3c(NC)c2OC1C,1.43
CCC(C)N1CN(CC)c2cc3nsnc3c(OC)c21,1.27
CCCOc1cc(NC)c2nsnc2c1C,1.4
CCNc1c2c(c(CC)c3nsnc13)OCCO2,1.22
CCCCC1COc2c(cc3nsnc3c2NC)O1,1.45
CNc1cc2c(c3nsnc13)C(C)CO2,1.4
CCCC1COc2c(c(NC)c3nsnc3c2C)O1,1.35
COc1cc2nsnc2c2c1OC(C)CO2,1.49
CCc1c2c(cc3nsnc13)OCC(C(C)C)O2,1.52
CCC1COc2c(c(NC)c3nsnc3c2C)O1,1.37
CCCCNc1c2c(c(C)c3nsnc13)OCCO2,1.36
COCCNc1c2c(cc3nsnc13)N(C)CN2C,1.11
CCCC1COc2c(cc3nsnc3c2NC)O1,1.42
CNc1c2c(cc3nsnc13)OCC(C(C)C)O2,1.4
CCCC1COc2cc3nsnc3c(NC)c2O1,1.45
CCCCNc1c2c(cc3nsnc13)OC(C)CO2,1.29
CC(C)C1Oc2cc3nsnc3cc2OC1C(C)C,1.43
CCOc1c(OC)cc2nsnc2c1NC,1.41
CNc1c2c(c(C)c3nsnc13)OCC(C)O2,1.44
CCCC1COc2cc3nsnc3c(NCC)c2O1,1.18
CC(C)CNc1c2c(cc3nsnc13)OCCO2,1.41
CNc1c2c(cc3nsnc13)OCC2OC,1.46
CCC(C)C1COc2c(cc3nsnc3c2NC)O1,1.39
CCCNc1c2c(cc3nsnc13)OCCO2,1.44
CCCCC1COc2cc3nsnc3c(NCC)c2O1,1.27
CNc1c2c(cc3nsnc13)OCC(CCOC)O2,1.4
CCNc1c2c(c(C)c3nsnc13)N(C)CN2C,1.04
CNc1c2c(cc3nsnc13)OCC(CC(C)C)O2,1.5
CCC1Oc2cc3nsnc3c(NC)c2OC1CC,1.39
CCc1c2c(c(NC)c3nsnc13)CCO2,1.26
CCC1COc2cc3nsnc3c(NC)c2O1,1.41
CCC1COc2c(c(C)c3nsnc3c2NC)O1,1.38
CCCNc1c2c(c(C)c3nsnc13)OCCO2,1.39
Cc1c2c(cc3nsnc13)OCC2(C)C,1.47
CC(C)c1c2c(cc3nsnc13)OCC2C,1.52
CCCC1Oc2cc3nsnc3c(C)c2OC1CC,1.56
CCC1COc2cc(NC)c3nsnc3c21,1.39
CCNc1c2c(cc3nsnc13)OCCO2,1.27
CC(C)c1c2c(cc3nsnc13)OCC2,1.42
CC(C)Oc1cc2nsnc2c2c1OCCN2,1.46
CCN1CCN(C)c2c1c(NC)c1nsnc1c2OC,1.41
CCCNc1c2c(c(C)c3nsnc13)N(C)CN2C,1.27
CCN1CN(CC(C)C)c2cc3nsnc3c(OC)c21,1.1
CNc1c2c(cc3nsnc13)OCC(C)O2,1.43
CCNc1c(N(C)CC)ccc2nsnc12,1.71
CNc1c2c(cc3nsnc13)OC(C)CO2,1.37
CCN1CN(CC)c2c1cc1nsnc1c2NC,1.21
CNc1c2c(c(C)c3nsnc13)OCC2,1.35
CCCNc1c2c(cc3nsnc13)OCC2,1.21
CCNc1c(N(C)C)ccc2nsnc12,1.56
CCN1CN(CCN(C)C)c2cc3nsnc3cc21,1.06
CCC(C)C1COc2cc3nsnc3c(NC)c2O1,1.39
CCCOc1c2c(c(CCC)c3nsnc13)C1CCC2C1,1.38
CCC1COc2c(cc3nsnc3c2NC)O1,1.43
c1cc2nsnc2c2c1CCCN2,1.48
CCNc1c2c(c(NC(C)CC)c3nsnc13)C1CCC2C1,1.63
CCNc1c2c(c(OC(C)C)c3nsnc13)C1CCC2CC1,1.59
CCN(c1c2c(cc3nsnc13)C1CCC2C1)C(C)C,1.36
CCC(C)OCCc1c2c(cc3nsnc13)C1CCC2CC1,1.55
CC(C)c1c2c(cc3nsnc13)N(C)CCN2C,1.29
CNc1cc(OC)c(C)c2nsnc12,1.39
CCN(C)c1c(OC)cc2nsnc2c1C,1.64
Cc1c2c(c(NC(C)C)c3nsnc13)OCCO2,1.15
CC1Cc2c(OC(C)C)cc3nsnc3c2N1,1.43
COc1c2c(c(C)c3nsnc13)CCC2,1.5
COCCOCCc1c2c(cc3nsnc13)C1CCC2CC1,1.41
Cc1c2c(cc3nsnc13)OC(C(C)C)CO2,1.5
CCc1cc2nsnc2c2c1CCC([O-])=[NH+]2,1.71
CCCN1CCCc2cc3nsnc3cc21,1.3
CN1CCc2c(ccc3nsnc23)C1,1.33
CCc1c2c(c(CCN(C)CC)c3nsnc13)C1CCC2C1,1.36
CCc1ccc(NC(C)C)c2nsnc12,1.46
CCCc1c2c(c(OC)c3nsnc13)OCCO2,1.44
Cc1cc2c(c3nsnc13)OCCN2C,1.44
CCN1CN(C)c2c1c(OC)c1nsnc1c2OC,1.25
Cc1cc2nsnc2c2c1C(N(C)C)CO2,1.6
C1COc2c3c(c4nsnc4c2N1)CCO3,1.39
CCN1CN(C)c2c1c(NC)c1nsnc1c2OC,1.09
Cc1cc(CC(C)C)c(C)c2nsnc12,1.52
CCN1CCN(CC)c2c1cc1nsnc1c2/[NH+]=C(\C)[O-],1.41
COc1cc2c(c3nsnc13)OC(C)CO2,1.51
CCCc1c2c(c(C(C)CC)c3nsnc13)C1CCC2C1,1.38
CCCc1cc2nsnc2c(C)c1CC,1.51
CC/C([O-])=[N+](\c1c2c(cc3nsnc13)C1CCC2CC1)C(C)C,1.63
CCCCc1c2c(c(CCOC)c3nsnc13)C1CCC2C1,1.34
CCOc1c2c(cc3nsnc13)OCC(C)O2,1.56
CCCCOc1c2c(c(CCC)c3nsnc13)C1CCC2CC1,1.5
CCCN1CN(C)c2cc3nsnc3c(CC(C)C)c21,1.17
CCCc1c2c(c(CC)c3nsnc13)C1CCC2C1,1.29
CC/C([O-])=[NH+]\c1c2c(c(OC)c3nsnc13)OCCO2,1.69
CN1CCOCc2c1ccc1nsnc21,1.48
COc1cc(C)c2nsnc2c1NC(C)C,1.24
CCCc1c(OC)cc(C)c2nsnc12,1.51
COc1cc2c(c3nsnc13)OCCO2,1.52
CCC(C)c1cc(C)c(OC)c2nsnc12,1.53
CCOc1ccc2nsnc2c1NC,1.51
CN(C)CCN(C)c1cccc2nsnc12,1.45
COc1c(C)cc2nsnc2c1/[NH+]=C(\C)[O-],1.74
COc1cc2c(c3nsnc13)OCC2OC,1.76
COc1c2c(c(C)c3nsnc13)CCO2,1.47
CCc1c2c(c(CC)c3nsnc13)C1CCC2CC1,1.39
CCCCNc1c2c(c(N(C)C)c3nsnc13)C1CCC2CC1,1.4
CN1CC(C)(C)c2c1ccc1nsnc21,1.49
CCOc1c2c(cc3nsnc13)N(C)CN2C(C)C,1.15
COc1cc2c(c3nsnc13)[N+](C)=C([O-])C2,1.65
CCCc1c2c(c(OC)c3nsnc13)N(C)CN2C,1.18
CCOC1N(C)c2cc3nsnc3cc2N1C,0.97
CCOc1c2c(c(OC)c3nsnc13)N(C)CCN2C,1.31
CCCCc1c2c(cc3nsnc13)N(C)CCN2C,1.28
CCCOc1c2c(cc3nsnc13)N(C)CCN2C,1.36
CNc1cc(CCOC)cc2nsnc12,1.49
CCCc1c(C)cc(C)c2nsnc12,1.57
CC1CCc2c(c3c(c4nsnc24)NCC3)O1,1.39
CCCCNc1c2c(cc3nsnc13)N(C)CCN2C,1.23
CCCC1Oc2ccc3nsnc3c2OC1C,1.61
CCOc1c2c(c(NC)c3nsnc13)N(C)CN2C,1.27
CC(C)Cc1cc2c(c3nsnc13)CCCO2,1.49
CNc1c2c(c(CCOC)c3nsnc13)OCCO2,1.42
CCCCNc1c2c(c(NCC)c3nsnc13)C1CCC2CC1,1.46
CC1COc2c(cc3nsnc3c2N(C)C)O1,1.46
CCc1cc2c(c3nsnc13)OCC(CC)O2,1.56
CCCCc1ccc(C(C)C)c2nsnc12,1.51
CCCOc1c2c(cc3nsnc13)OC(C)C2,1.51
CCCN1CCN(C)c2c1c(C)c1nsnc1c2CC,1.26
CCOc1cc2nsnc2c2c1CCC2,1.45
CCc1c(OC)cc(N(C)C)c2nsnc12,1.33
CCc1cc2c(c3nsnc13)NCCO2,1.46
CCC1COc2c1cc1nsnc1c2C,1.52
CCOc1c2c(c(NC)c3nsnc13)OCC(C)O2,1.45
CCC(C)N1CCN(C(C)C)c2cc3nsnc3c(C)c21,1.33
c1cc2nsnc2c2c1OCCN2,1.52
CCCCN1CN(C)c2c1cc1nsnc1c2CCC,1.11
CCc1c2c(c(C)c3nsnc13)CC(C)C2,1.41
CCOCCN1CCN(C)c2cc3nsnc3c(OC)c21,1.35
Cc1c2c(cc3nsnc13)N(C)CCC2,1.32
CCC1Cc2c(C)cc3nsnc3c2[NH+]=C1[O-],1.67
COc1cc2c(c3nsnc13)NCC(C)C2,1.46
CC(C)COCCC1COc2cc3nsnc3cc2O1,1.65
Cc1cc2nsnc2c2c1OC(C(C)C)CO2,1.49
CCCc1ccc(/[NH+]=C(\C)[O-])c2nsnc12,1.72
CCOc1c2c(cc3nsnc13)OCC(CC)O2,1.5
CC/C([O-])=[N+](/C)c1cccc2nsnc12,1.87
CCc1c(N(C)C)ccc2nsnc12,1.46
Cc1cc2nsnc2c(OC(C)C)c1C,1.54
CCC1COc2cc3nsnc3c(NC(C)C)c2O1,1.27
Cc1cc(C(C)C)c2nsnc2c1C,1.5
Cc1c2c(c3nsnc3c1C)OCCC2,1.43
COCCNc1c2c(cc3nsnc13)OC(C)CO2,1.45
CCC(C)N1CCN(C)c2cc3nsnc3cc21,1.23
COCCc1c2c(c(C)c3nsnc13)C1CCC2CC1,1.4
CCNc1ccc(CCOC)c2nsnc12,1.38
C/C([O-])=[NH+]\c1c2c(cc3nsnc13)N(C)CCN2C(C)C,1.41
CCCCc1ccc2nsnc2c1C,1.53
COc1c2c(cc3nsnc13)OCC(C)O2,1.5
CCc1ccc(NC(C)CC)c2nsnc12,1.46
CC/[N+](=C(/C)[O-])c1c2c(c(OC)c3nsnc13)C1CCC2CC1,1.66
CCCOc1c2c(c(C)c3nsnc13)OCC(C)O2,1.49
CCCCN(CC)c1c2c(cc3nsnc13)C1CCC2C1,1.4
COc1c2c(cc3nsnc13)C1CCC2C1,1.49
CCOCCNc1c2c(c(C)c3nsnc13)C1CCC2C1,1.29
CCCCNc1cc2c(c3nsnc13)CCC2,1.43
C/C([O-])=[N+]1/CCC(C)c2ccc3nsnc3c21,1.76
CCCc1c(C(C)C)ccc2nsnc12,1.61
CCN1CCN(CCOC)c2cc3nsnc3cc21,1.19
CCCc1c2c(cc3nsnc13)N(C)CN2C,1.13
CCOc1cc(OC)c2nsnc2c1CC,1.48
CCOc1c2c(cc3nsnc13)OC(C)CO2,1.56
C/C([O-])=[NH+]\c1cc2c(c3nsnc13)CC(C)O2,1.71
CNc1c2c(c(NCCOC)c3nsnc13)C1CCC2CC1,1.38
CCN(C)CCOc1c2c(cc3nsnc13)C1CCC2CC1,1.6
CN(C)c1c2c(cc3nsnc13)N(C)CC2,1.3
CCCc1c2c(c(NCCOC)c3nsnc13)C1CCC2CC1,1.41
COc1ccc(N(C)C)c2nsnc12,1.43
CC/C([O-])=[NH+]\c1cc(OC)cc2nsnc12,1.7
CCN(c1c2c(c(C)c3nsnc13)C1CCC2CC1)C(C)C,1.34
Cc1cc2c(c3nsnc13)CC(C)C2,1.56
CCCc1c2c(cc3nsnc13)C1CCC2C1,1.42
CCOc1ccc2nsnc2c1/[NH+]=C(\C)[O-],1.71
CC(C)C/C([O-])=[NH+]\c1c2c(cc3nsnc13)C1CCC2CC1,1.65
COc1c(C)c(CC(C)C)cc2nsnc12,1.58
CNc1ccc(/[N+](C)=C(\C)[O-])c2nsnc12,1.64
Cc1c2c(c3nsnc3c1C)C(C)C(C)O2,1.5
CCN(C)c1cccc2nsnc12,1.66
CCOc1c(C)cc(OC)c2nsnc12,1.4
CC(C)COc1cc2nsnc2c2c1OCC2,1.37
CC1Cc2c3c(c4nsnc4c2C1)CCC3,1.48
CCNc1cc2c(c3nsnc13)CCC2C,1.43
COc1c(C)c(N(C)C)cc2nsnc12,1.53
CCOc1c(C)c(OC)c(C)c2nsnc12,1.56
CCc1c(OC)c(OC)c2nsnc2c1C,1.57
CCCOc1c(CC)ccc2nsnc12,1.63
CCc1c2c(c3nsnc3c1C)CC(C)C2,1.49
Cc1cc2c(c3nsnc13)CCO2,1.54
CCCc1cc2nsnc2c2c1CCCO2,1.47
CCNc1c2c(c(NC)c3nsnc13)N(C)CCN2C,1.33
CCN(C)c1cc2c(c3nsnc13)NCC2,1.45
Cc1ccc2nsnc2c1N(C)CC(C)C,1.58
COc1c2c(cc3nsnc13)N(C)CC2C,1.36
CCCCN1CCCc2cc3nsnc3cc21,1.51
CCC1COc2c(cc(C)c3nsnc23)O1,1.47
CNc1c2c(c(OC)c3nsnc13)CCO2,1.45
CCc1c2c(cc3nsnc13)OCCN2CC,1.41
CCOc1c(CC)c(C)cc2nsnc12,1.57
CC(C)CN(C)c1ccc2nsnc2c1,1.4
CCCCN(C)c1c2c(c(OC)c3nsnc13)C1CCC2CC1,1.51
CCc1c(OC)c(OC)c(C)c2nsnc12,1.52
CCCOc1c(OC)cc(C)c2nsnc12,1.58
CCc1c2c(c(NC(C)C)c3nsnc13)C1CCC2CC1,1.24
CC(C)C1Oc2ccc3nsnc3c2OC1C,1.48
CCC1COc2c(C)cc3nsnc3c21,1.48
Cc1cc2nsnc2c2c1CCO2,1.57
CCC(C)N1CCOc2cc3nsnc3cc21,1.36
CCc1cc(NC)c2nsnc2c1C,1.42
CCC(C)N1CN(CC)c2c1cc1nsnc1c2OC,1.1
Cc1cc2nsnc2c2c1CC(C)CO2,1.44
CCC(C)N(C)c1cccc2nsnc12,1.57
CCOc1ccc2nsnc2c1CCOC,1.58
CCCOc1c2c(cc3nsnc13)CCCO2,1.58
CCc1cc(OC(C)CC)cc2nsnc12,1.46
CCC(C)N(C)c1c2c(cc3nsnc13)N(C)CCN2C,1.33
CCOc1cc(N(C)CC)c2nsnc2c1,1.32
CC/C([O-])=[N+](\c1cccc2nsnc12)C(C)C,1.83
CCCc1c2c(cc3nsnc13)OC(C)CO2,1.48
CCCNc1cc2c(c3nsnc13)OC(C)C2,1.51
CNc1c(C(C)C)cc(OC)c2nsnc12,1.58
CCCOc1ccc(CC)c2nsnc12,1.54
CCC1Cc2c(cc3nsnc3c2OC)O1,1.51
CCCOc1cc2nsnc2c(OC)c1C,1.56
COCCc1cc2nsnc2c2c1CCC2,1.57
CCCc1c2c(c(CC)c3nsnc13)C1CCC2CC1,1.33
CCCN(C)c1c2c(cc3nsnc13)C1CCC2C1,1.46
CC/C([O-])=[NH+]\c1c2c(cc3nsnc13)N(CC)CCN2C,1.49
CCN(C)c1c2c(c(OC)c3nsnc13)C1CCC2CC1,1.45
CCCCc1c2c(cc3nsnc13)N(C(C)C)CCN2C,1.2
CCC/[N+](=C(/C)[O-])c1c2c(cc3nsnc13)C1CCC2CC1,1.79
CCCCOc1c(CC)ccc2nsnc12,1.63
CCN(C)c1cc(C)c2nsnc2c1,1.38
CCCNc1ccc(OC)c2nsnc12,1.39
CC(C)c1cc2c(c3nsnc13)N(C)CCO2,1.4
CNc1cc(C(C)C)c(NC)c2nsnc12,1.43
CCCCc1c2c(c(OCCC)c3nsnc13)C1CCC2C1,1.42
COCCc1ccc2nsnc2c1OC,1.7
CCCNc1cccc2nsnc12,1.52
CCN(C)c1c(OC)cc(C)c2nsnc12,1.55
CN1CCN(C)c2cc3nsnc3cc2C1,1.5
CC(C)c1c2c(cc3nsnc13)OCCO2,1.46
COc1cc2nsnc2cc1OC,1.41
CCCCNc1cc(OCC)cc2nsnc12,1.42
CCC(C)OCCc1cccc2nsnc12,1.65
CC1CCc2ccc3nsnc3c2[NH+]=C1[O-],1.7
CCCC1COc2cc3nsnc3c(CC(C)C)c2O1,1.35
CCCCc1c(OC)cc2nsnc2c1C,1.47
CCCCOc1ccc(OC)c2nsnc12,1.67
CCc1cc2nsnc2c2c1CC(C)C2,1.5
CN1CCOCc2ccc3nsnc3c21,1.59
CCCN1CN(C)c2c1c(OC)c1nsnc1c2C,1.18
CCC1Cc2cc3nsnc3c(OC)c2O1,1.53
CNc1cc2c(c3nsnc13)CC(C)N2C,1.38
CCCc1c2c(cc3nsnc13)OCC(C)O2,1.41
CC(C)Nc1cc(C(C)C)cc2nsnc12,1.31
CCc1cc2c(c3nsnc13)NC(C)C2,1.49
Cc1cc2nsnc2c2c1OCC2(C)C,1.5
CCOc1cc(OC(C)C)c2nsnc2c1,1.56
CCOCCc1c2c(c(OC)c3nsnc13)C1CCC2CC1,1.55
CCCCN1CCc2cc3nsnc3cc21,1.3
CCCN1CN(C)c2cc3nsnc3c(NCC)c21,1.18
CCc1c2c(c(C)c3nsnc13)OC(C)CO2,1.34
CN1CCNc2c1c1c(c3nsnc23)CCO1,1.35
CCc1cc(OC(C)C)cc2nsnc12,1.49
CNc1c2c(c(N(C)CC(C)C)c3nsnc13)C1CCC2C1,1.34
CCOc1c(CC)ccc2nsnc12,1.63
CCNc1c2c(cc3nsnc13)CCC2,1.43
Cc1c2c(cc3nsnc13)CCCC2,1.52
COc1c2c(c(C)c3nsnc13)OC(C)CO2,1.49
CC(C)Cc1cc(C(C)C)cc2nsnc12,1.54
c1cc2nsnc2c2c1CCC2,1.6
CC(C)CN1CCN(C)c2c1cc1nsnc1c2N(C)C,1.25
CCOc1c2c(c(NC(C)CC)c3nsnc13)C1CCC2CC1,1.4
Cc1c2c(cc3nsnc13)C(C)(C)CN2C,1.3
CC1COc2c(ccc3nsnc23)C1,1.51
COc1cc(CC(C)C)cc2nsnc12,1.54
CNc1c2c(cc3nsnc13)OC(C)C2C,1.45
CN1CCc2c1c1c(c3nsnc23)CCC1,1.43
CC1Cc2c(c3c(c4nsnc24)CCCC3)O1,1.44
CCOc1cc(C)c2nsnc2c1OCC,1.64
CC(C)Cc1cc(OC(C)C)c2nsnc2c1,1.46
CCc1c2c(c(C)c3nsnc13)OC(CC)CO2,1.41
CCC/C([O-])=[N+](/C)c1c2c(cc3nsnc13)C1CCC2CC1,1.66
CCN(CC)c1cc(OC)cc2nsnc12,1.39
CC(C)COCCNc1c2c(cc3nsnc13)C1CCC2CC1,1.41
COCCc1c(OC)ccc2nsnc12,1.59
Cc1c2c(cc3nsnc13)N(C(C)C)CCN2C,1.08
CCc1cc(N(C)CC)c(C)c2nsnc12,1.44
CN1CCOc2c(ccc3nsnc23)CC1,1.71
CCc1c2c(c(N(C)C)c3nsnc13)C1CCC2CC1,1.41
C/C([O-])=[NH+]\c1cc2c(c3nsnc13)CCCO2,1.66
COc1cc2c(c3nsnc13)[NH+]=C([O-])CC2,1.69
CCCCN1CN(C)c2c1cc1nsnc1c2C,1.19
CCCC1Oc2c(ccc3nsnc23)OC1C,1.31
COc1cc2c(c3nsnc13)CCOCC2,1.4
COc1c2c(c(C)c3nsnc13)CCCO2,1.51
CC(C)Cc1c2c(c(CC(C)C)c3nsnc13)C1CCC2CC1,1.24
CN1CCc2c3c(c4nsnc4c21)OCCO3,1.44
CCCCNc1c2c(c(N(C)C)c3nsnc13)C1CCC2C1,1.33
CC(C)Nc1c2c(cc3nsnc13)CCO2,1.42
COc1c(OC)c(OC)c2nsnc2c1C,1.61
CCCCN1c2cc3nsnc3cc2N(C)C1OC,1.1
CC1Cc2cc(N(C)C)c3nsnc3c2O1,1.45
CCC1COc2cc3nsnc3c(C)c21,1.52
CCCNc1c2c(c(OCCC)c3nsnc13)C1CCC2C1,1.38
CCc1c(CC(C)C)c(C)cc2nsnc12,1.57
CCNc1c(C)cc(NC)c2nsnc12,1.49
CCCc1c2c(cc3nsnc13)C(CC)CO2,1.42
CCCOc1c2c(cc3nsnc13)CCC2C,1.57
CCc1c(C)cc(OC)c2nsnc12,1.5
CC(C)Cc1cc2c(c3nsnc13)OC(C)C2,1.53
CCCCOc1cc(CC)c2nsnc2c1,1.52
CC1COc2c(c3c(c4nsnc24)CCC3)C1,1.46
COCCNc1c2c(c(C)c3nsnc13)C1CCC2C1,1.43
COc1cc2nsnc2c2c1COCC2,1.5
Cc1c2c(cc3nsnc13)OC(C)CO2,1.48
COc1cc2nsnc2cc1OC(C)C,1.6
C/C([O-])=[NH+]\c1cc2c(c3nsnc13)C(C)CC2,1.7
COc1c2c(cc3nsnc13)OCCOC2,1.57
CC/[N+](=C(/C)[O-])c1c2c(cc3nsnc13)C1CCC2C1,1.61
CCN1c2cc3nsnc3cc2CCC1C,1.39
CCN(c1ccc2nsnc2c1C)C(C)C,1.51
CCCCc1c(OC(C)C)ccc2nsnc12,1.56
CCCCc1cc(OC)c(C)c2nsnc12,1.48
CCc1c(N(C)C)c(C)cc2nsnc12,1.53
CCc1c2c(c(NC(C)C)c3nsnc13)OCCO2,1.55
CNc1c(OC)cc(C)c2nsnc12,1.48
CCC(C)/[N+](=C(/C)[O-])c1cccc2nsnc12,1.83
CCC(C)Oc1ccc2nsnc2c1C,1.65
CCC1COc2c(c(OC)c3nsnc3c2OC)O1,1.61
CCc1ccc(C(C)CC)c2nsnc12,1.59
C/C([O-])=[N+](\c1c2c(c(C)c3nsnc13)C1CCC2CC1)C(C)C,1.56
CCc1cc2nsnc2c2c1OCC(CC)O2,1.47
CCNc1cc2c(c3nsnc13)CCCC2,1.59
CCCN(C)c1c2c(c(C(C)C)c3nsnc13)C1CCC2CC1,1.33
CC1Cc2c3c(c4nsnc4c2C1)OCCO3,1.45
CNc1c2c(cc3nsnc13)OCCO2,1.44
CC/C([O-])=[NH+]\c1c2c(cc3nsnc13)CCO2,1.6
Cc1c2c(cc3nsnc13)N(C)CN2CCN(C)C,1.21
COc1cc2nsnc2c2c1C(C)C(C)O2,1.49
CN(C)CCN1CCN(C)c2cc3nsnc3cc21,1.17
CCc1c2c(cc3nsnc13)CCCO2,1.5
CN1CCc2c3c(c4nsnc4c21)CCC3,1.43
CCCc1c2c(cc3nsnc13)N(C)CCN2CC,1.28
Cc1c2c(cc3nsnc13)N(C)CN2C,1.15
CCCN1CCN(C)c2c1cc1nsnc1c2OC,1.21
CCCN(C)c1c2c(c(C)c3nsnc13)OCCO2,1.31
CCOc1c(CC)cc(OC)c2nsnc12,1.69
CCN1CN(C)c2c1cc1nsnc1c2OC(C)C,1.17
CCN1CCN(CCOC)c2c1cc1nsnc1c2OC,1.28
CCNc1c2c(c(OC)c3nsnc13)N(C)CN2C,1.17
CCc1cc(/[NH+]=C(\C)[O-])c2nsnc2c1,1.74
CCC(C)N(C)CCc1c2c(cc3nsnc13)C1CCC2C1,1.2
CC/C([O-])=[NH+]\c1cc(C(C)C)cc2nsnc12,1.73
CC/C([O-])=[NH+]\c1c2c(cc3nsnc13)CCC2,1.68
CCCc1ccc2nsnc2c1OCC,1.63
CCN(CC)c1cc(OC)c2nsnc2c1,1.29
CCCc1cc(C)c2nsnc2c1C,1.47
CCOc1ccc(CC(C)C)c2nsnc12,1.68
CCOc1cc2nsnc2c2c1OCC(C)O2,1.34
CCN(CCOC)c1c2c(cc3nsnc13)C1CCC2CC1,1.48
CCOc1c2c(c(/[NH+]=C(/[O-])CC)c3nsnc13)C1CCC2CC1,1.66
COc1c(C)cc2nsnc2c1C(C)C,1.46
C1CCc2c(c3c(c4nsnc24)CCC3)OC1,1.54
CC(C)CN(C)CCc1c2c(cc3nsnc13)C1CCC2C1,1.46
CCc1cc2nsnc2c(OC)c1OC,1.63
COc1cc(C)c2nsnc2c1OC(C)C,1.6
CCN1CCCc2cc3nsnc3cc21,1.35
CCOCCc1c2c(c(NC)c3nsnc13)C1CCC2C1,1.37
CCCN1CCN(C)c2cc3nsnc3c(OC(C)C)c21,1.31
Cc1c2c(c(OCCN(C)C)c3nsnc13)C1CCC2C1,1.46
CCNc1c2c(c(N(C)C)c3nsnc13)C1CCC2CC1,1.32
CCc1c2c(c(C)c3nsnc13)N(C)CN2C(C)C,1.1
CCC(C)C1COc2c(cc3nsnc3c2OC)O1,1.44
Cc1c2c(c(OC(C)C)c3nsnc13)OCCO2,1.47
COc1cc2nsnc2c2c1N(C)CCC2,1.45
COc1c(N(C)C)ccc2nsnc12,1.67
CCN(C)c1cc2nsnc2cc1C,1.52
C/C([O-])=[NH+]\c1c2c(cc3nsnc13)CC(C)O2,1.65
CCC1COc2c(c(OC)c3nsnc3c2C)O1,1.49
COc1cc2nsnc2c2c1CCO2,1.51
CCc1cc2nsnc2c(NC)c1N(C)C,1.48
COCCc1c2c(c(C)c3nsnc13)C1CCC2C1,1.35
CCc1c2c(cc3nsnc13)N(C)CN2CC,1.04
CC1Cc2ccc3nsnc3c2N(C)C1,1.48
CCN1CC(C)c2c1ccc1nsnc21,1.46
CNc1cc(CC(C)C)cc2nsnc12,1.44
CNc1c2c(c(N(C)CC(C)C)c3nsnc13)C1CCC2CC1,1.36
CCCCc1c(C)c(OC)cc2nsnc12,1.41
CC(C)Oc1c2c(cc3nsnc13)C1CCC2C1,1.48
CCOc1c(C)c2c(c3nsnc13)CCO2,1.52
CCCc1c(C)c(NC)c2nsnc2c1C,1.41
CCN1CCN(C)c2c1c(C)c1nsnc1c2C,1.3
CNc1c2c(cc3nsnc13)CCCO2,1.47
CC(C)C1C([O-])=[N+](C)c2c1ccc1nsnc21,1.79
COCCOc1c2c(cc3nsnc13)C1CCC2CC1,1.45
CCc1c2c(c(/[NH+]=C(\C)[O-])c3nsnc13)C1CCC2C1,1.56
CC/C([O-])=[NH+]\c1c2c(c(C)c3nsnc13)N(C)CCN2C,1.47
CCc1cc2nsnc2c(C)c1N(C)C,1.54
CCc1cc2nsnc2c2c1C(C)C(C)O2,1.58
CCOc1ccc2nsnc2c1C,1.55
CN(C)c1cc2c(c3nsnc13)N(C)CC2,1.5
CC(C)COc1c2c(cc3nsnc13)CCO2,1.53
CCOC1COc2cc3nsnc3c(C)c21,1.5
CCc1c2c(cc3nsnc13)OCC2C,1.46
CCC(C)Oc1cc2c(c3nsnc13)CCC2,1.45
CC(C)N1CCN(C)c2ccc3nsnc3c21,1.32
Cc1cc2c(c3nsnc13)NCC2,1.5
CCN(c1cc(C)c2nsnc2c1)C(C)C,1.28
CC(C)COc1c2c(c(C(C)C)c3nsnc13)C1CCC2CC1,1.43
CNc1cc2c(c3nsnc13)OC(C)C2C,1.58
CCCc1ccc2nsnc2c1N(C)CC,1.57
CCCCOc1c2c(c(OCC)c3nsnc13)C1CCC2C1,1.5
CCCCOCCc1cccc2nsnc12,1.65
CCN(C)c1c(N(C)C)ccc2nsnc12,1.45
CCN(C)c1c2c(cc3nsnc13)OCC(C)O2,1.44
CCOc1c2c(c(C)c3nsnc13)N(CC)CCN2C,1.29
Cc1ccc2nsnc2c1C(C)C,1.55
CCCOc1c(C)cc2nsnc2c1OC,1.63
CCOc1c(C)cc2nsnc2c1OC,1.62
CCOc1cc2nsnc2c2c1OCC2,1.43
Cc1cc2nsnc2cc1C(C)C,1.58
Cc1cc2nsnc2c2c1CCCCO2,1.44
CC1CCc2cc(N(C)C)c3nsnc3c21,1.35
CCc1c(OC)c(C)cc2nsnc12,1.55
CCC(C)OCCc1c2c(cc3nsnc13)OCCO2,1.53
CCC(C)Oc1c2c(cc3nsnc13)OCC2,1.52
CCc1cc(C)c2nsnc2c1/[NH+]=C(\C)[O-],1.66
CCCCN1CN(C(C)C)c2cc3nsnc3c(C)c21,1.06
CCCNc1ccc(OCCC)c2nsnc12,1.49
CCCCOc1c2c(cc3nsnc13)N(CC)CN2C,1.04
CCNc1cc(OC)c(NC)c2nsnc12,1.39
CCCN1CCN(CCC)c2c1cc1nsnc1c2OC,1.13
COCC/C([O-])=[NH+]\c1c2c(c(C)c3nsnc13)C1CCC2C1,1.63
CCc1ccc(OC)c2nsnc12,1.55
CC(C)CNc1c(C(C)C)ccc2nsnc12,1.7
Cc1cc2c(c3nsnc13)[NH+]=C([O-])CC2(C)C,1.71
CCc1cc2nsnc2c2c1CC(C)N2,1.5
CCC(C)/C([O-])=[NH+]\c1c2c(cc3nsnc13)OCCO2,1.66
CCC(C)Oc1cc2nsnc2cc1OC,1.42
CCc1c(C)cc2nsnc2c1C,1.5
CC1CNc2c1c1c(c3nsnc23)CCC1,1.48
Cc1cc2nsnc2c(C)c1N(C)C,1.51
COc1cc2nsnc2c2c1OCC2OC,1.5
CCCN(C)c1c2c(c(C(C)C)c3nsnc13)C1CCC2C1,1.32
COc1c2c(c(OC)c3nsnc13)CCC2,1.57
CC/[N+](=C(/C)[O-])c1c2c(c(NC)c3nsnc13)C1CCC2C1,1.54
Cc1cc2nsnc2c2c1OCC(C)C2,1.4
CCCOc1c2c(c(C(C)CC)c3nsnc13)C1CCC2CC1,1.44
CCCN1CCOc2c1ccc1nsnc21,1.44
c1c2c(cc3nsnc13)OCCCC2,1.62
CCCCc1cc(OC(C)C)c2nsnc2c1,1.6
CCC1CN(C(C)C)c2cc3nsnc3cc21,1.42
CC/[N+](=C(/C)[O-])c1c2c(c(C)c3nsnc13)C1CCC2CC1,1.59
CCCc1c2c(cc3nsnc13)CC(CC)O2,1.39
CCCCc1c2c(cc3nsnc13)OCC2C,1.4
CCCOCCNc1c2c(cc3nsnc13)C1CCC2C1,1.38
CCC(C)c1c2c(cc3nsnc13)N(CC)CN2CC,1.16
COCCN1CCN(C(C)C)c2cc3nsnc3c(C)c21,1.23
CCc1c2c(c(OC)c3nsnc13)OCC2,1.47
Cc1ccc(CCN(C)C)c2nsnc12,1.59
CCOCC/C([O-])=[NH+]\c1cccc2nsnc12,1.82
Cc1cc2nsnc2c2c1C(C)CC([O-])=[NH+]2,1.69
CCC(C)Oc1cc(C(C)C)cc2nsnc12,1.63
CCc1c2c(cc3nsnc13)C(C)(C)CO2,1.46
C/C([O-])=[N+](/C)c1c2c(cc3nsnc13)C1CCC2CC1,1.66
CCC(C)c1c2c(c(C(C)C)c3nsnc13)C1CCC2CC1,1.35
CCCCc1ccc2nsnc2c1OCCC,1.66
CN(C)CCc1c2c(cc3nsnc13)N(C)CN2C,1.18
CCCOc1c2c(c(N(C)C)c3nsnc13)C1CCC2CC1,1.48
COc1c2c(c3nsnc3c1C)C(C)CO2,1.48
Cc1c2c(cc3nsnc13)N(C)CC2C,1.29
Cc1c2c(c(NC(C)C)c3nsnc13)C1CCC2CC1,1.4
Cc1cc2nsnc2c2c1N(C)CCC2C,1.42
CC(C)Cc1cc2c(c3nsnc13)NCC2,1.49
CCCc1c2c(cc3nsnc13)N(CC)CCN2C,1.32
CCOCCc1c2c(c(CC)c3nsnc13)C1CCC2C1,1.28
CCC(C)c1c2c(cc3nsnc13)CCC2C,1.37
CCCCc1c2c(c(C)c3nsnc13)OCCO2,1.42
C1Cc2c3c(c4nsnc4c2C1)CCCO3,1.42
COc1c(C)c(C)c2nsnc2c1OC,1.58
CCc1c(C(C)C)c(OC)cc2nsnc12,1.51
Cc1ccc(C(C)C)c2nsnc12,1.53
COc1c2c(c(C)c3nsnc13)OC(C)C2,1.46
COC1N(C)c2cc3nsnc3cc2N1C(C)C,1.15
CC(C)COc1cc2nsnc2c2c1CCO2,1.46
CCc1cc(C)c2nsnc2c1,1.57
COCCN(C)c1cc(C)c2nsnc2c1,1.4
CCCN1CCN(C)c2cc3nsnc3c(/[NH+]=C(\C)[O-])c21,1.39
CCC(C)N1CCN(CC)c2c1c(C)c1nsnc1c2C,1.32
CCNc1c2c(c(OC(C)C)c3nsnc13)C1CCC2C1,1.57
CC(C)COc1cc2c(c3nsnc13)CCC2,1.5
CCCc1ccc2nsnc2c1NC,1.49
CCc1c(C)c(OC)c(NC)c2nsnc12,1.45
CNc1c2c(c(/[NH+]=C(\C)[O-])c3nsnc13)OCCO2,1.55
COc1c(OCC(C)C)ccc2nsnc12,1.7
CCOc1c(C)c(CC)c(C)c2nsnc12,1.51
CC(C)c1cc2nsnc2c2c1N(C)CCN2,1.58
CCCCC1Oc2cc3nsnc3cc2OC1C,1.66
CCc1c(OC)c(NC)c2nsnc2c1C,1.47
CNc1c(N(C)C)cc(C)c2nsnc12,1.28
CC(C)COCCOc1ccc2nsnc2c1,1.67
COC1CN(C)c2cc3nsnc3c(C)c21,1.38
CCc1cc(C(C)C)c(C)c2nsnc12,1.48
C/C([O-])=[NH+]\c1c2c(cc3nsnc13)N(C)CCN2C,1.47
COc1c2c(c(C(C)C)c3nsnc13)OCC(C)O2,1.46
CCc1ccc2nsnc2c1OC,1.63
CCOc1c2c(cc3nsnc13)OCCO2,1.56
CCCc1c(OC)cc(OC)c2nsnc12,1.53
Cc1c2c(cc3nsnc13)N(C)CCN2CCOC(C)C,1.28
CCCNc1c2c(cc3nsnc13)CCO2,1.46
CCCN(c1c2c(cc3nsnc13)C1CCC2C1)C(C)C,1.33
CCCOCCN1CN(C)c2cc3nsnc3cc21,1.16
CCN1CCN(C)c2cc3nsnc3c(NCC(C)C)c21,1.28
CNc1c2c(c(N(C)C(C)C)c3nsnc13)C1CCC2C1,1.3
CCC/C([O-])=[NH+]\c1ccc(OC)c2nsnc12,1.68
CC(C)Nc1c(N(C)C)ccc2nsnc12,1.5
CC1COc2c3c(c4nsnc4c2C1)CCC3,1.47
CC(C)COc1c2c(c(C(C)C)c3nsnc13)C1CCC2C1,1.42
CC(C)/C([O-])=[N+](/C)c1cccc2nsnc12,1.65
CCN1CN(CC(C)C)c2c1cc1nsnc1c2OC,1.1
CCCN(C)c1c2c(c(N(C)C)c3nsnc13)C1CCC2CC1,1.42
CCC(C)N1CN(C)c2c1cc1nsnc1c2OC,1.06
CCNc1c2c(cc3nsnc13)CCO2,1.41
Cc1cc2nsnc2c2c1OC(C)C(C)O2,1.42
C[N+]1=C([O-])CCCc2ccc3nsnc3c21,1.77
CCCNc1cc(OCC)cc2nsnc12,1.37
CCOc1c2c(c3nsnc3c1C)OCC2,1.57
COCCOCCOc1c2c(cc3nsnc13)C1CCC2CC1,1.6
CCCNc1c2c(c(CC(C)C)c3nsnc13)C1CCC2C1,1.21
CCCc1cc(OC)c2nsnc2c1NC,1.49
CCOCCN(C)c1c2c(cc3nsnc13)C1CCC2C1,1.52
CCCc1cc(NC)c2nsnc2c1C,1.42
COCCc1c2c(cc3nsnc13)N(C)CN2C,1.16
COc1c2c(cc3nsnc13)C(C)CO2,1.54
Cc1c2c(c(C)c3nsnc13)CCC2,1.43
CNc1c(C)c2c(c3nsnc13)OCC2,1.5
CN1CCOc2c(ccc3nsnc23)CC1,1.61
CCN(c1c2c(c(NC)c3nsnc13)C1CCC2C1)C(C)C,1.33
CCc1c(OC(C)C)ccc2nsnc12,1.55
CCNc1c2c(c(OC(C)CC)c3nsnc13)C1CCC2C1,1.38
CCC1COc2cc3nsnc3c(OC)c2O1,1.56
COc1c2c(c(C)c3nsnc13)C1CCC2C1,1.44
CC(C)c1cc2c(c3nsnc13)CCC2,1.51
CCCN(c1c2c(cc3nsnc13)C1CCC2C1)C(C)CC,1.39
CC(C)Cc1cc(OC(C)C)cc2nsnc12,1.48
COC1N(C)c2cc3nsnc3cc2N1C,1.16
CCC(C)N1CCN(CCOC)c2cc3nsnc3cc21,1.12
CCCc1cc2nsnc2c2c1OCCN2,1.45
CCCCN1CCN(C)c2c1cc1nsnc1c2CC,1.26
CCC(C)C1Oc2cc3nsnc3cc2OC1CC,1.53
CCCCNc1c2c(c(C)c3nsnc13)N(C)CCN2C,1.32
COc1c2c(c(CC(C)C)c3nsnc13)C1CCC2CC1,1.46
CCCCC1COc2cc3nsnc3c(NC)c2O1,1.43
COCCOc1ccc2nsnc2c1C,1.59
CCNc1c2c(cc3nsnc13)C(C)CCO2,1.46
CCc1c(C)c(C)c2nsnc2c1OC,1.51
CCCN(C)c1ccc2nsnc2c1CC,1.5
CCNc1cccc2nsnc12,1.52
CC1CCc2c(c3c(c4nsnc24)OCC3)O1,1.48
COc1c(C)c(N(C)C)cc2nsnc12,1.52
CN(C)c1cc2nsnc2c2c1OCCO2,1.41
Cc1cc2c(c3nsnc13)OCC2C,1.59
CC1COc2c(C(C)C)cc3nsnc3c2O1,1.51
CCc1cc2c(c3nsnc13)N(CC)CCO2,1.45
CC1CCOc2c3c(c4nsnc4c21)NCC3,1.38
CCCN(CC)c1cccc2nsnc12,1.66
CCc1c2c(c(OC)c3nsnc13)C1CCC2CC1,1.47
Cc1c2c(c(C)c3nsnc13)N(C)CCO2,1.41
CCCCOC1N(C)c2cc3nsnc3cc2N1C,1.15
COCCc1cc2nsnc2cc1N(C)C,1.55
CCCCOc1ccc2nsnc2c1C,1.57
CCCNc1c2c(c(OCCC)c3nsnc13)C1CCC2CC1,1.46
C1Cc2c3c(c4nsnc4c2C1)NCC3,1.46
CCC(C)N(C)CCc1c2c(cc3nsnc13)C1CCC2C1,1.41
CCCN(CC)c1c2c(c(OC)c3nsnc13)C1CCC2C1,1.35
COc1cc(N(C)C)c2nsnc2c1,1.49
CCCNc1c2c(c(NC)c3nsnc13)C1CCC2CC1,1.36
CC(C)N1CCN(C)c2c1cc1nsnc1c2N(C)C,1.26
CCOc1cc2nsnc2c(OCC)c1C,1.48
CCOc1cc(C)c2nsnc2c1CC,1.5
CCCCOc1c2c(cc3nsnc13)N(C)CCN2CC,1.26
CCN(CC(C)C)c1cccc2nsnc12,1.54
CNc1cc2c(c3nsnc13)OCCN2C,1.36
CCCc1c2c(cc3nsnc13)N(C)CN2C(C)C,1.07
CCc1cc2nsnc2c2c1OCCC2,1.46
CC(C)N(C)CCc1cccc2nsnc12,1.62
CCC(C)Nc1c2c(c(N(C)C)c3nsnc13)C1CCC2CC1,1.34
COc1c2c(cc3nsnc13)N(C(C)C)CN2C,1.16
CCOc1c(C)cc2nsnc2c1OCC,1.61
CNc1c2c(c(/[NH+]=C(/[O-])C(C)C)c3nsnc13)C1CCC2C1,1.5
CCCNc1c(CC)ccc2nsnc12,1.49
Cc1c(N(C)C)ccc2nsnc12,1.56
CC1COc2c(c3c(c4nsnc24)OCC3)O1,1.54
COc1cc2nsnc2c2c1C(C)CO2,1.52
COCCOc1c2c(c(OC)c3nsnc13)C1CCC2C1,1.53
COc1cc2c(c3nsnc13)C(C)CCO2,1.44
CCCCOc1c2c(c(N(C)C)c3nsnc13)C1CCC2CC1,1.48
CC(C)Oc1c(C(C)C)ccc2nsnc12,1.6
CC(C)c1c2c(c(N(C)C)c3nsnc13)C1CCC2CC1,1.41
CNc1cc(OC)c(C)c2nsnc12,1.39
COc1c2c(c(C)c3nsnc13)CC(C)C2,1.49
CCCCN1CCN(C)c2cc3nsnc3cc21,1.15
COCCNc1c2c(c(C(C)C)c3nsnc13)C1CCC2CC1,1.36
Cc1cc(N(C)C)c(N(C)C)c2nsnc12,1.46
c1c2c(cc3nsnc13)OCCC2,1.58
CCCOc1cc2nsnc2c2c1OCC2,1.56
CCN(CC)c1c2c(c(C(C)C)c3nsnc13)C1CCC2CC1,1.41
CCCCN1CCN(CCOC)c2cc3nsnc3cc21,1.16
CCN1CCNc2c1cc(C)c1nsnc21,1.35
COc1c(C(C)C)cc2nsnc2c1OC,1.63
CCOc1cc(CC)c2nsnc2c1OC,1.62
CCN1CCN(CC)c2c1c(C)c1nsnc1c2OC,1.35
COc1c(OC(C)C)cc2nsnc2c1C,1.57
CC(C)N1c2cc3nsnc3cc2CCC1C,1.37
CCCCc1c2c(cc3nsnc13)CCC2C,1.48
CCc1c2c(cc3nsnc13)C1CCC2C1,1.42
CCCc1c2c(c(C(C)C)c3nsnc13)C1CCC2C1,1.34
CC(C)COc1cc2nsnc2c2c1CCN2,1.42
CCOc1c(C)c(C)c(NC)c2nsnc12,1.47
CCOc1c2c(cc3nsnc13)N(C)CN2C,1.2
CCC(C)c1c2c(cc3nsnc13)N(CC)CN2C,1.17
CCOc1c2c(c(OCC)c3nsnc13)OCCO2,1.57
CC1CCc2c3c(c4nsnc4c21)C(C)CO3,1.48
CC1COc2c(ccc3nsnc23)O1,1.58
CCCCC1Oc2cc3nsnc3cc2OC1CC,1.54
CC(C)Oc1cc2nsnc2cc1N(C)C,1.53
CCCOc1c(OCC)ccc2nsnc12,1.69
COc1cc2c(c3nsnc13)OCCO2,1.52
CCCc1c2c(cc3nsnc13)N(C(C)C)CN2C,1.07
CN1CC(C)(C)c2ccc3nsnc3c21,1.52
COc1cc2nsnc2c(C(C)C)c1OC,1.45
CCN(CC)c1cc(C)cc2nsnc12,1.57
CC(C)N1CCCc2c1ccc1nsnc21,1.43
CCCc1c2c(c(CCOCC)c3nsnc13)C1CCC2C1,1.35
CCCCc1cc(C(C)C)cc2nsnc12,1.55
Cc1c2c(cc3nsnc13)OCCOC2,1.6
CNc1c2c(c(N(C)CCOC)c3nsnc13)C1CCC2CC1,1.33
CCOc1c2c(c(OC(C)CC)c3nsnc13)C1CCC2CC1,1.51
COc1c2c(cc3nsnc13)C1CCC2C1,1.5
CCCc1c2c(cc3nsnc13)CC(C)O2,1.44
Cc1cc2nsnc2c(C)c1N(C)C(C)C,1.53
CC1Oc2c(c3c(c4nsnc24)CCO3)C1C,1.52
CCc1c(C)c2c(c3nsnc13)OCC2,1.52
CCCN(C)c1cccc2nsnc12,1.54
COCCOc1cc2nsnc2cc1C,1.49
CCCCN(c1cccc2nsnc12)C(C)C,1.59
COc1c2c(c3nsnc3c1C)N(C)CC2,1.47
CC(C)Cc1c2c(cc3nsnc13)OCC2C,1.45
CC1Cc2cc3nsnc3cc2N(C)C1,1.38
CCCCc1ccc(OC(C)C)c2nsnc12,1.62
CCC(C)c1c2c(cc3nsnc13)N(C)CN2CC,1.06
CNc1c(N(C)C)cc(C)c2nsnc12,1.47
CCN1CN(C)c2c1cc1nsnc1c2N(C)C,1.07
CCN(C)CCOc1ccc2nsnc2c1,1.57
CCC(C)c1c2c(c(NC(C)C)c3nsnc13)C1CCC2CC1,1.32
Cc1c2c(cc3nsnc13)COCC2,1.6
CCCCOCCc1cccc2nsnc12,1.65
Cc1c(C)c(C)c2nsnc2c1C,1.41
CCCNc1c2c(cc3nsnc13)CCO2,1.43
CCc1cc2c(c3nsnc13)N(C)C(C)C2,1.47
CN(C)c1c2c(cc3nsnc13)OCCO2,1.47
CCNc1c2c(c(CC)c3nsnc13)N(C)CN2C,1.3
CCC(C)Oc1cc(OC)c2nsnc2c1,1.47
CCCOc1c2c(cc3nsnc13)C1CCC2CC1,1.43
CCCNc1c2c(c(C(C)C)c3nsnc13)C1CCC2C1,1.29
CCCN1CCN(CCC)c2cc3nsnc3cc21,1.14
CN(C)c1c2c(cc3nsnc13)C1CCC2CC1,1.48
CCC1Oc2cc3nsnc3c(OC)c2OC1C,1.55
CCCNc1c2c(cc3nsnc13)CC(C)C2,1.42
COc1cc2nsnc2c(C)c1C(C)C,1.43
CNc1cc2c(c3nsnc13)N(C)CCO2,1.39
COC1N(C(C)C)c2cc3nsnc3cc2N1C(C)C,1.2
CCOc1c2c(cc3nsnc13)C(C)(C)CO2,1.53
CCNc1c2c(cc3nsnc13)C(C)CC2,1.43
Cc1ccc(CCN(C)C)c2nsnc12,1.59
Cc1c2c(cc3nsnc13)OCCN(C)C2,1.6
CNc1cc2c(c3nsnc13)OCC(C)O2,1.44
CCN(C)CCNc1cccc2nsnc12,1.51
CCN1CCN(C)c2c1c(C(C)C)c1nsnc1c2C,1.26
CCCOc1ccc2nsnc2c1,1.65
CCCOc1ccc(C(C)CC)c2nsnc12,1.53
CCOc1cc(NC)c2nsnc2c1OC,1.46
CCCC1COc2cc3nsnc3c(CC(C)C)c2O1,1.47
Cc1cc2nsnc2c2c1CCCO2,1.5
CCN(CC)c1ccc2nsnc2c1C,1.54
Cc1c2c(cc3nsnc13)CC(C)O2,1.45
CCN(CC)c1ccc2nsnc2c1OC,1.53
CCOc1c(CC)cc2nsnc2c1C,1.56
CCCNc1c2c(c(OCC)c3nsnc13)C1CCC2C1,1.4
CC(C)CN1CCN(C)c2cc3nsnc3cc21,1.15
CCCN1CN(C)c2cc3nsnc3c(N(C)C)c21,1.09
COc1c2c(cc3nsnc13)OC(C)C(C)O2,1.55
CNc1c2c(cc3nsnc13)C(C)(C)CO2,1.43
CCC(C)c1c2c(c(C)c3nsnc13)C1CCC2CC1,1.33
CC(C)COc1c2c(cc3nsnc13)N(C)CN2C,1.2
CCOCCN(C)c1cccc2nsnc12,1.53
CN(C)CCc1c2c(cc3nsnc13)N(C)CCN2C,1.19
Cc1cc2nsnc2c2c1CCC2,1.51
CCOc1c2c(cc3nsnc13)N(C)CCN2C(C)CC,1.25
CCCOc1cc2nsnc2cc1CCC,1.46
CCC(C)N(CC)c1ccc2nsnc2c1,1.42
CC1CNc2c1c1c(c3nsnc23)CCC1,1.47
CCc1c2c(cc3nsnc13)C(C)CC2,1.48
CC1COc2c1c(N(C)C)cc1nsnc21,1.5
CCN1CCOc2cc(C)c3nsnc3c21,1.42
CCC(C)c1cc2c(c3nsnc13)CC(C)C2,1.51
CNc1c(C)c(C(C)C)cc2nsnc12,1.51
CCCOc1cc(CC)c2nsnc2c1,1.49
COCCN(C)c1c2c(cc3nsnc13)C1CCC2C1,1.46
CCCN1CCOc2ccc3nsnc3c21,1.47
CCCOc1c(OC)c(C)cc2nsnc12,1.61
Cc1c2c(c(C)c3nsnc13)OC(CC(C)C)CO2,1.41
CCOc1c2c(cc3nsnc13)N(CC(C)C)CN2C,1.1
CCc1c2c(cc3nsnc13)OC(C(C)C)CO2,1.47
Cc1c2c(cc3nsnc13)N(C)C(C)C2,1.29
CCOc1cc(C)c(OCC)c2nsnc12,1.48
COc1cc2c(c3nsnc13)C(C)(C)CO2,1.49
COc1cc2nsnc2c2c1C(C)CN2,1.43
CCNc1c2c(c(NC)c3nsnc13)OCCO2,1.38
CCC1Cc2c3c(c4nsnc4c2N1)CCC3,1.46
CCCCN1CCN(C(C)C)c2cc3nsnc3c(C)c21,1.23
CCc1c2c(c(NCC(C)C)c3nsnc13)C1CCC2CC1,1.36
CCCCc1c2c(c(NCC)c3nsnc13)C1CCC2C1,1.33
COc1c(C)c(C)cc2nsnc12,1.57
CCCN(C)c1c2c(c(C(C)C)c3nsnc13)C1CCC2C1,1.29
COCCOc1cc2nsnc2cc1OC,1.55
CCc1cc(OCC(C)C)c2nsnc2c1,1.53
COc1cc(N(C)C)c2nsnc2c1OC,1.51
CCc1c2c(cc3nsnc13)COCCO2,1.63
CCOc1cc(CCOC)c2nsnc2c1,1.51
CCNc1c2c(cc3nsnc13)COCC2,1.53
CCC(C)c1c2c(cc3nsnc13)CCC2C,1.46
CCOc1c2c(c(N(CC)CC)c3nsnc13)C1CCC2C1,1.35
CC1CCc2c3c(c4nsnc4c2O1)CCO3,1.45
CC(C)c1c2c(cc3nsnc13)OC(C(C)C)CO2,1.45
CC(C)c1ccc2nsnc2c1,1.63
CCc1c2c(c3nsnc3c1C)OCC2,1.53
CCNc1cc2c(c3nsnc13)N(C)CCO2,1.38
c1c2c(cc3nsnc13)OCCOCCC2,1.64
CCc1cc(C)c2nsnc2c1N(C)CC,1.52
CCCCc1c(C)ccc2nsnc12,1.58
CCc1c(C)c(OC)c2nsnc2c1C,1.52
CCCN1CCN(C(C)CC)c2cc3nsnc3cc21,1.12
CCOc1c2c(c(OCC)c3nsnc13)C1CCC2C1,1.5
CCCNc1c2c(c(OCCC)c3nsnc13)C1CCC2C1,1.4
CCc1c(OC)c(N(C)C)cc2nsnc12,1.45
CCCCc1ccc2nsnc2c1CC,1.57
Cc1c(N(C)C)c(N(C)C)cc2nsnc12,1.38
CCOCCNc1c2c(c(OC)c3nsnc13)C1CCC2C1,1.42
Cc1c2c(c(OCC(C)C)c3nsnc13)C1CCC2C1,1.43
COc1c(C)c2c(c3nsnc13)CC(C)O2,1.52
CCCOc1ccc(OC(C)C)c2nsnc12,1.61
CCC(C)Nc1c2c(cc3nsnc13)OCCO2,1.49
CC/C([O-])=[N+](\c1c2c(cc3nsnc13)C1CCC2C1)C(C)C,1.59
CCN1CN(CC(C)C)c2c1cc1nsnc1c2C,1.1
CCCCc1c2c(c(CC)c3nsnc13)OCCO2,1.4
COC1CN(C)c2c1ccc1nsnc21,1.57
COc1c(C)cc(C)c2nsnc12,1.48
CCCCc1cc(OC(C)C)c2nsnc2c1,1.64
CCc1cc(NC)c2nsnc2c1OC,1.49
CCCc1cc2nsnc2cc1OC(C)C,1.5
CCCCc1c2c(c(NC)c3nsnc13)OCCO2,1.37
CCCN1CCN(C)c2cc3nsnc3c(NC(C)C)c21,1.18
CNc1cc(N(C)C)c(OC)c2nsnc12,1.44
CCNc1c2c(cc3nsnc13)C1CCC2CC1,1.42
CC1CCc2c1c1c(c3nsnc23)NCC1C,1.48
CCC(C)Nc1cccc2nsnc12,1.5
CCc1c2c(c(N(CC)CC)c3nsnc13)C1CCC2C1,1.33
CCOc1cc2nsnc2cc1C(C)C,1.49
COc1cc(OC(C)C)c(C)c2nsnc12,1.53
CN1CCOc2c3c(c4nsnc4c21)CCO3,1.38
CNc1c2c(cc3nsnc13)CC(C)N2C,1.28
CCc1cc(C)c2nsnc2c1,1.57
Cc1c2c(cc3nsnc13)N(C)CCN2C,1.29
CCOc1cc2c(c3nsnc13)OC(CC)C2,1.65
CCNc1c2c(c(C(C)CC)c3nsnc13)C1CCC2CC1,1.41
CCCN(CC)c1ccc2nsnc2c1C,1.53
CCc1c2c(c(CC)c3nsnc13)OCC2,1.38
CCN(C)c1c(C(C)C)ccc2nsnc12,1.57
CCCc1c(C)cc2nsnc2c1OCC,1.57
CCOc1cc(CC)c(C)c2nsnc12,1.62
CC1CCOc2cc3nsnc3cc21,1.58
CCN1CCc2cc3nsnc3c(C)c21,1.3
COc1cc2c(c3nsnc13)N(C)CCC2,1.45
CC1Cc2c(c3c(c4nsnc24)OCCC3)O1,1.45
CCC1CN(C)c2ccc3nsnc3c21,1.5
CC(C)c1cc2nsnc2c2c1CCO2,1.58
CCc1cc2nsnc2c2c1OCC(CC)O2,1.5
CCN(c1c2c(cc3nsnc13)C1CCC2CC1)C(C)C,1.43
CCCN1CCN(C)c2cc3nsnc3cc21,1.15
CCCOCCc1c2c(cc3nsnc13)C1CCC2CC1,1.46
COc1cc(N(C)C(C)C)cc2nsnc12,1.38
CCC1Oc2ccc3nsnc3c2OC1C,1.57
CCc1c2c(cc3nsnc13)N(C)CCO2,1.3
CCCOc1c2c(cc3nsnc13)N(C)CCN2C,1.35
CC1CN(C(C)C)c2cc3nsnc3cc21,1.32
CCCc1cc(OC)c(NC)c2nsnc12,1.47
CCc1c(OC)c(NC)c2nsnc2c1C,1.45
CCc1cc2nsnc2c(N(C)C)c1OC,1.52
CCCc1cc2nsnc2c2c1OCC2,1.53
CCC(C)Oc1cc(OC)cc2nsnc12,1.56
CCC(C)c1ccc(C(C)C)c2nsnc12,1.49
Cc1c2c(c3nsnc3c1C)OCC2C,1.53
Cc1c2c(cc3nsnc13)CCCC2,1.52
CCc1cc(C)c2nsnc2c1NC,1.46
CN(C)c1c2c(cc3nsnc13)CCO2,1.45
COc1cc(C)c2nsnc2c1N(C)C,1.58
Cc1ccc(N(C)CC(C)C)c2nsnc12,1.44
c1c2c(cc3nsnc13)C1CCC2CC1,1.52
CCCOCCN(C)c1c2c(cc3nsnc13)C1CCC2C1,1.41
CCC(C)N(C)c1c2c(cc3nsnc13)N(C)CCN2C,1.24
CCC(C)c1c2c(cc3nsnc13)OC(C)CO2,1.45
CCN1CCN(C)c2c1cc1nsnc1c2/[NH+]=C(\C)[O-],1.46
CCOc1cc2nsnc2c(OC)c1OC,1.55
C1COc2c3c(c4nsnc4c2N1)CCO3,1.39
CCCNc1c2c(c(CCC)c3nsnc13)C1CCC2CC1,1.36
CN(C)c1cc2nsnc2c2c1CCCN2,1.4
CNc1c(N(C)C(C)C)ccc2nsnc12,1.53
CCc1c2c(cc3nsnc13)N(C)C(C)C2,1.29
CCOc1c2c(c(CCOC)c3nsnc13)C1CCC2CC1,1.48
COCCN1CCN(C)c2c1cc1nsnc1c2C(C)C,1.28
CCC(C)Nc1c2c(cc3nsnc13)CCC2,1.53
CCN(CC)c1c2c(c(C)c3nsnc13)OCCO2,1.38
CCN1CCN(CC)c2c1cc1nsnc1c2OC(C)C,1.25
CC1CCc2ccc3nsnc3c21,1.58
CCc1ccc(NC)c2nsnc12,1.47
CCCOc1c(CC)c(C)cc2nsnc12,1.57
CC(C)OCCNc1c2c(cc3nsnc13)OCCO2,1.46
CCCCNc1c2c(c(NCC)c3nsnc13)C1CCC2CC1,1.35
Cc1cc2nsnc2c2c1OCC2C,1.51
CNc1c2c(cc3nsnc13)CCCN2C,1.42
CCCc1c2c(c(OC)c3nsnc13)C1CCC2CC1,1.46
CC1COc2c(cc(C(C)C)c3nsnc23)O1,1.51
COc1c(C)c2c(c3nsnc13)CCN2C,1.48
CC(C)Cc1c2c(c(N(C)C)c3nsnc13)C1CCC2C1,1.37
CCN1CN(C)c2c1cc1nsnc1c2CC(C)C,1.08
CCCc1c(C)c(CC)cc2nsnc12,1.49
CCNc1c2c(c(N(C)C)c3nsnc13)OCCO2,1.38
COCCN1CCN(C)c2c1cc1nsnc1c2C,1.3
CC(C)CN1CCN(C)c2cc3nsnc3c(N(C)C)c21,1.25
CCCCc1ccc2nsnc2c1C,1.58
COc1c2c(cc3nsnc13)N(C)C(OC)N2C,1.27
COc1cc2nsnc2cc1C(C)C,1.5
CCCc1cc2c(c3nsnc13)NCCO2,1.45
CCNc1c(C)c(N(C)C)cc2nsnc12,1.46
CCCN1CN(C)c2c1c(C)c1nsnc1c2OC,1.19
C1Cc2c(c3c(c4nsnc24)OCC3)O1,1.54
CC1COc2c(c3c(c4nsnc24)CCO3)O1,1.45
COc1c2c(c(NCC(C)C)c3nsnc13)C1CCC2CC1,1.45
COc1c2c(c(OC)c3nsnc13)C1CCC2C1,1.52
CCOc1c2c(c(OC)c3nsnc13)OC(C)CO2,1.57
Cc1ccc(OCC(C)C)c2nsnc12,1.55
CNc1c(C)cc(N(C)C)c2nsnc12,1.48
CCOc1c(OCC(C)C)ccc2nsnc12,1.69
CCOc1ccc2nsnc2c1CC(C)C,1.55
CCc1c(OC)c(OC)cc2nsnc12,1.46
CCc1c2c(cc3nsnc13)N(C)CC2,1.29
CNc1cc(OC)c(C(C)C)c2nsnc12,1.36
COc1c(C(C)C)cc(C)c2nsnc12,1.69
CCC(C)N1CCc2ccc3nsnc3c21,1.45
CCc1c2c(c(OC)c3nsnc13)CCO2,1.46
CCC(C)c1c2c(cc3nsnc13)C1CCC2C1,1.39
CCCNc1c(C)c(OC)cc2nsnc12,1.39
CN1CCNc2c1ccc1nsnc21,1.44
CCOc1c2c(c(NC)c3nsnc13)N(C)CCN2C,1.34
COCCc1cc2nsnc2c2c1CCC2,1.55
CNc1c(OC)c(C)c(OC)c2nsnc12,1.52
CCc1c(C)cc2nsnc2c1N(C)C,1.53
CCc1cc2nsnc2c(C)c1N(C)C,1.53
CCCOc1cc(CC)cc2nsnc12,1.61
CCCN1CCN(C)c2c1c(NC)c1nsnc1c2C,1.38
COc1cc2c(c3nsnc13)CCCO2,1.46
Cc1ccc2nsnc2c1OCC(C)C,1.53
Cc1cc2c(c3nsnc13)CC(C)CO2,1.47
CCCCOCCc1c2c(cc3nsnc13)C1CCC2C1,1.42
CCC(C)OCCc1c2c(cc3nsnc13)C1CCC2CC1,1.49
C1Cc2c3c(c4nsnc4c2N1)OCCO3,1.47
CCCC1COc2cc(C)c3nsnc3c2O1,1.52
COc1cc2nsnc2c2c1CCOC2,1.52
CCCc1c2c(cc3nsnc13)N(CC(C)C)CN2C,1.02
COc1cc(N(C)C(C)C)c2nsnc2c1,1.44
COc1c(C)cc(NC(C)C)c2nsnc12,1.49
CC1Oc2cc3nsnc3cc2C1C,1.52
Cc1cc2nsnc2c2c1OCC2,1.52
CCCc1c2c(cc3nsnc13)OC(C)C2,1.44
CCC1Cc2cc3nsnc3cc2CCO1,1.62
CCN(C)c1c(OC)c(C)cc2nsnc12,1.47
CCCOc1c2c(cc3nsnc13)OCC2C,1.52
CCOCCc1c2c(cc3nsnc13)N(C)CCN2C,1.32
CCOc1cc(C(C)CC)c2nsnc2c1,1.55
CC(C)Cc1c2c(c(N(C)C)c3nsnc13)C1CCC2CC1,1.36
CCOc1ccc2nsnc2c1NC(C)C,1.49
CCN(C)c1cc(C(C)C)c2nsnc2c1,1.36
CCCOc1ccc(CC)c2nsnc12,1.64
CCCCc1c2c(c(CC)c3nsnc13)N(C)CCN2C,1.32
CCCc1c2c(cc3nsnc13)N(CC)CN2C,1.08
CC(C)Cc1c(C(C)C)ccc2nsnc12,1.53
CCC(C)Nc1cc(C)c(C)c2nsnc12,1.41
COCCc1cccc2nsnc12,1.65
CCN1c2cc3nsnc3cc2CC1C,1.32
CCC(C)c1c2c(c(NC)c3nsnc13)C1CCC2CC1,1.36
CCc1c2c(cc3nsnc13)CCO2,1.45
Cc1cc2c(c3nsnc13)CCCCN2C,1.45
CCCc1cc2nsnc2cc1CCOC,1.57
CCOc1c2c(c(C)c3nsnc13)OCC(CC)O2,1.48
COc1c2c(c(CCN(C)C)c3nsnc13)C1CCC2CC1,1.49
CCCCN(c1c2c(cc3nsnc13)C1CCC2CC1)C(C)C,1.43
CCc1cc2c(c3nsnc13)OCCC2,1.5
CNc1cc2c(c3nsnc13)OC(C)C2,1.51
CCOc1cc(NC)c2nsnc2c1C,1.39
CCc1cc(OC(C)CC)c2nsnc2c1,1.58
CCCc1c2c(c(CCC)c3nsnc13)C1CCC2C1,1.35
COc1c2c(cc3nsnc13)CCN2C,1.4
CCCCOc1cc2nsnc2cc1OCC,1.53
CCc1c2c(c(N(C)CCOC)c3nsnc13)C1CCC2C1,1.37
CCCCN1CCN(C)c2c1c(C)c1nsnc1c2CC,1.26
CC(C)OCCc1c2c(cc3nsnc13)OCCO2,1.49
CC(C)N1CCCc2cc3nsnc3cc21,1.38
COc1c2c(c(OC)c3nsnc13)OCCO2,1.59
CCNc1c2c(cc3nsnc13)C(CC)CO2,1.43
CCCN(CC)c1ccc2nsnc2c1,1.66
CN(C)c1cc2c(c3nsnc13)OCC2,1.54
CCNc1c2c(c(C)c3nsnc13)N(C)CCN2C,1.35
CCc1c2c(cc3nsnc13)N(C)CCN2CC,1.28
CNc1cc(N(C)C)c(C)c2nsnc12,1.39
CCCOc1c2c(c(C)c3nsnc13)C1CCC2CC1,1.54
CCCc1cc(C)c(CCC)c2nsnc12,1.48
Cc1c2c(c(CC(C)C)c3nsnc13)C1CCC2CC1,1.39
CCOc1c(OC)c(C)c(C)c2nsnc12,1.57
CNc1c(C)c(OC)c(C)c2nsnc12,1.45
CNc1c2c(c(C(C)C)c3nsnc13)OCCO2,1.35
CCCc1c(C)cc(OC)c2nsnc12,1.5
COc1cc2nsnc2c(OC(C)C)c1C,1.47
CCC1COc2cc3nsnc3c(NC(C)C)c2O1,1.48
CN(C)c1cc2c(c3nsnc13)CCC2,1.46
CCc1c2c(cc3nsnc13)N(C(C)C)CCN2C,1.3
Cc1cc2c(c3nsnc13)CCCO2,1.47
CCC(C)Oc1cccc2nsnc12,1.69
CCOc1c2c(c(OCC(C)C)c3nsnc13)C1CCC2CC1,1.52
CCC1COc2cc(OC)c3nsnc3c21,1.5
CCOc1c2c(c(CC)c3nsnc13)OC(C)CO2,1.48
CCC(C)Oc1c(C)c(C)cc2nsnc12,1.54
COc1cc2nsnc2c2c1OCCC2,1.37
CCc1cc(C(C)C)c(C)c2nsnc12,1.48
CCC(C)Nc1c2c(cc3nsnc13)N(CC)CCN2C,1.21
CCOc1cc2nsnc2c(C)c1OCC,1.46
CN(C)c1cc2nsnc2c2c1CCN2C,1.4
CCN(CC)c1cc(NC)c2nsnc2c1,1.25
Cc1cc(OC(C)C)c2nsnc2c1C,1.57
COC1COc2c(C)cc3nsnc3c21,1.58
CCOc1c2c(c(N(C)C(C)C)c3nsnc13)C1CCC2C1,1.41
COc1c2c(cc3nsnc13)OC(C)CC2,1.57
CCc1c2c(cc3nsnc13)N(C(C)C)CCN2CC,1.24
CCN1CCc2c1ccc1nsnc21,1.52
CN(C)c1c2c(cc3nsnc13)N(C)CC2,1.3
CCCCOc1ccc(OCC)c2nsnc12,1.62
CCC(C)c1cc(C)c(NC)c2nsnc12,1.45
COCCOc1cccc2nsnc12,1.63
CCOc1cc2c(c3nsnc13)NC(CC)C2,1.57
CCC1COc2c(c(OC)c3nsnc3c2C)O1,1.5
Cc1c(N(C)C)cc2nsnc2c1N(C)C,1.43
CCC(C)N(C)c1c2c(c(OC)c3nsnc13)C1CCC2CC1,1.48
COc1cc(N(C)C)c2nsnc2c1C,1.44
CCOc1cc(NC)c2nsnc2c1NC,1.4
CCN(C)c1c2c(c(N(C)CC)c3nsnc13)C1CCC2C1,1.28
COc1c2c(c(C)c3nsnc13)OC(C)CO2,1.5
CCc1c2c(c(N(C)CC)c3nsnc13)C1CCC2CC1,1.4
CCC1Cc2c(C(C)C)cc3nsnc3c2N1,1.5
CCCOc1c2c(cc3nsnc13)N(CC)CCN2C,1.34
CCCN1CN(C)c2cc3nsnc3c(OC(C)C)c21,1.19
CCOc1c(OC)cc(OC)c2nsnc12,1.61
CCCc1cccc2nsnc12,1.63
CCN(c1c2c(cc3nsnc13)C1CCC2C1)C(C)C,1.4
CNc1cc(OCCOC)cc2nsnc12,1.4
CC1COc2cc3nsnc3c(N(C)C)c2O1,1.47
CCCc1cc(C)c2nsnc2c1NC,1.53
CCNc1ccc(CCOC)c2nsnc12,1.5
CCC(C)N1CCN(C)c2c1c(C)c1nsnc1c2C,1.27
CCc1c2c(c(OC)c3nsnc13)OCCO2,1.5
CCc1cc(OC)c2nsnc2c1,1.54
CCOc1cc2c(c3nsnc13)OCCN2C,1.52
CCCCc1cc(OC)c2nsnc2c1,1.54
COc1c2c(cc3nsnc13)OCCN2C,1.47
CCNc1cc(N(C)C)c(C)c2nsnc12,1.39
CCCCc1ccc(C(C)C)c2nsnc12,1.55
CCOc1c2c(cc3nsnc13)N(C)CN2CC(C)C,1.08
CCc1ccc(N(CC)CC)c2nsnc12,1.41
CCCN1CC(C)Cc2cc3nsnc3cc21,1.36
CNc1c2c(cc3nsnc13)N(C)C(OC)N2C,1.13
CCCN(C)c1c(C)cc(C)c2nsnc12,1.51
CCCOc1c(C)cc(OC)c2nsnc12,1.57
CCCOCCOc1c2c(c(C)c3nsnc13)C1CCC2CC1,1.49
CCCN(C)c1ccc(OC)c2nsnc12,1.51
CCc1c2c(c(C)c3nsnc13)N(CC)CCN2C,1.36
CCc1c(OC)ccc2nsnc12,1.58
CCc1cc2nsnc2c2c1OCC(C)O2,1.51
CCNc1c2c(c(NC)c3nsnc13)N(C)CCN2C,1.33
c1cc2nsnc2c2c1CCCO2,1.56
Cc1c2c(c(C)c3nsnc13)OC(C(C)C)CO2,1.4
CC(C)COc1c2c(cc3nsnc13)OCCO2,1.56
CCC1COc2cc3nsnc3cc21,1.53
CC1Cc2c3c(c4nsnc4c2C1)OCCC3,1.46
CCCc1cc(OC(C)C)c2nsnc2c1,1.62
CNc1c2c(c(N(C)C(C)C)c3nsnc13)C1CCC2CC1,1.39
CNc1c(CCOC)ccc2nsnc12,1.52
CCCNc1cc2c(c3nsnc13)OCC2,1.51
CCCC1Oc2cc3nsnc3cc2OC1C(C)CC,1.52
CC(C)c1c2c(cc3nsnc13)N(C)CCN2C(C)C,1.2
CCCCOc1c2c(cc3nsnc13)C1CCC2CC1,1.52
CCC1Cc2c(cc3nsnc3c2C)N1C,1.2
CCCN(c1ccc2nsnc2c1)C(C)C,1.43
CCC(C)c1cc(OC)c(C)c2nsnc12,1.48
CCOc1c2c(cc3nsnc13)OC(CC)C2,1.5
CCOc1cc(C)c2nsnc2c1OCC,1.58
Cc1cc(OCC(C)C)c2nsnc2c1C,1.58
CCCN1CCN(C)c2c1ccc1nsnc21,1.41
CCN1CCOc2cc3nsnc3cc21,1.34
CCC1Cc2c(ccc3nsnc23)O1,1.6
CCC/C([O-])=[NH+]\c1c2c(cc3nsnc13)C1CCC2CC1,1.67
C/C([O-])=[NH+]\c1c2c(cc3nsnc13)C1CCC2C1,1.63
[O-]C1=[NH+]c2c(ccc3nsnc23)CC1,1.76
CCCCC1COc2c(ccc3nsnc23)O1,1.58
CC1Oc2ccc3nsnc3c2C1C,1.59
CCCc1c2c(cc3nsnc13)C1CCC2CC1,1.45
CC(C)CC1COc2c(ccc3nsnc23)O1,1.58
CC1(C)COc2ccc3nsnc3c21,1.59
CCCC1COc2cc3nsnc3cc2O1,1.56
CCC(C)c1c2c(cc3nsnc13)OCCO2,1.46
Cc1cccc2nsnc12,1.64
CCCCc1ccc2nsnc2c1,1.63
CC/C([O-])=[NH+]\c1c2c(cc3nsnc13)C1CCC2C1,1.62
CCN1CCOc2ccc3nsnc3c21,1.5
CC1COc2c1ccc1nsnc21,1.64
CC1COc2cc3nsnc3cc21,1.53
CCC1COc2cc3nsnc3cc2O1,1.56
CCC(C)Oc1ccc2nsnc2c1,1.56
[O-]C1=[NH+]c2c(ccc3nsnc23)CCC1,1.74
CCc1c2c(cc3nsnc13)OCCO2,1.49
CCC1Cc2ccc3nsnc3c2[NH+]=C1[O-],1.75
CC1COc2ccc3nsnc3c2C1,1.54
CCCC/C([O-])=[NH+]\c1cccc2nsnc12,1.81
CCCCNc1cccc2nsnc12,1.51
CCC(C)N1CCOc2c1ccc1nsnc21,1.44
CC/C([O-])=[NH+]\c1cccc2nsnc12,1.8
c1c2c(cc3nsnc13)OCC2,1.52
CNc1cccc2nsnc12,1.51
c1cc2nsnc2c2c1OCCO2,1.59
CCC1Cc2cc3nsnc3cc2O1,1.51
Cc1c2c(cc3nsnc13)C1CCC2C1,1.42
CC(C)N1CCOc2cc3nsnc3cc21,1.36
c1cc2nsnc2c2c1CCN2,1.55
CC(C)N1CCOc2c1ccc1nsnc21,1.46
c1cc2nsnc2c2c1OCCCC2,1.55
CC(C)Cc1c2c(cc3nsnc13)C1CCC2CC1,1.45
CC(C)COc1cccc2nsnc12,1.59
CC(C)C1COc2c(ccc3nsnc23)O1,1.58
CCOc1c2c(cc3nsnc13)C1CCC2CC1,1.43
CC(C)CNc1c2c(cc3nsnc13)C1CCC2CC1,1.42
CC1CCOc2ccc3nsnc3c21,1.53
CC(C)/C([O-])=[NH+]\c1c2c(cc3nsnc13)OCCO2,1.7
CC1CCc2cc3nsnc3cc21,1.55
COc1cccc2nsnc12,1.61
CCc1ccc2nsnc2c1,1.63
CC(C)Nc1c2c(cc3nsnc13)C1CCC2C1,1.37
CCC(C)Oc1c2c(cc3nsnc13)C1CCC2C1,1.47
CCC1CNc2c1ccc1nsnc21,1.54
CCOc1cccc2nsnc12,1.61
CC(C)/C([O-])=[NH+]\c1c2c(cc3nsnc13)C1CCC2C1,1.63
c1cc2nsnc2c2c1CCCCO2,1.63
CC1COc2ccc3nsnc3c2O1,1.58
CCC(C)/C([O-])=[NH+]\c1cccc2nsnc12,1.84
C1COc2c(c3c(c4nsnc24)OCCO3)O1,1.46
c1cc2nsnc2c2c1CCO2,1.64
CCCCN1CCOc2ccc3nsnc3c21,1.47
CC1CNc2c(ccc3nsnc23)C1,1.48
CCc1c2c(cc3nsnc13)C1CCC2CC1,1.4
c1cc2nsnc2c2c1CCCC2,1.55
c1c2c(cc3nsnc13)CCCC2,1.6
CC(C)Cc1c2c(cc3nsnc13)OCCO2,1.48
CCCC1COc2c(ccc3nsnc23)O1,1.58
CC(C)/C([O-])=[NH+]\c1c2c(cc3nsnc13)C1CCC2CC1,1.65
CC1CCC([O-])=[NH+]c2c1ccc1nsnc21,1.74
CCC(C)C1COc2cc3nsnc3cc2O1,1.55
CCC1CC([O-])=[NH+]c2c1ccc1nsnc21,1.76
CC1CCc2c1ccc1nsnc21,1.6
CN1CCOc2cc3nsnc3cc21,1.37
CCCCNc1c2c(cc3nsnc13)C1CCC2CC1,1.42
CC1COc2cc3nsnc3cc2C1,1.58
CC(C)COc1ccc2nsnc2c1,1.65
CC(C)CC1COc2cc3nsnc3cc2O1,1.55
CCC(C)Oc1c2c(cc3nsnc13)OCCO2,1.53
CCCC/C([O-])=[NH+]\c1c2c(cc3nsnc13)OCCO2,1.69
CC1Cc2cc3nsnc3cc2O1,1.51
CC(C)Oc1cccc2nsnc12,1.69
CC1(C)CNc2c1ccc1nsnc21,1.55
CC1CCc2c(ccc3nsnc23)O1,1.54
CCC1COc2c1ccc1nsnc21,1.64
CCOc1c2c(cc3nsnc13)C1CCC2C1,1.49
CC(C)C/C([O-])=[NH+]\c1c2c(cc3nsnc13)OCCO2,1.69
CCC(C)c1c2c(cc3nsnc13)C1CCC2CC1,1.42
CC(C)Oc1c2c(cc3nsnc13)C1CCC2CC1,1.51
CC(C)c1c2c(cc3nsnc13)C1CCC2CC1,1.43
C/C([O-])=[NH+]\c1c2c(cc3nsnc13)C1CCC2CC1,1.66
c1cc2nsnc2c2c1CCCCN2,1.56
CC1CCc2ccc3nsnc3c2O1,1.54
CCCC/C([O-])=[NH+]\c1c2c(cc3nsnc13)C1CCC2C1,1.62
CN1CCOc2ccc3nsnc3c21,1.51
CC(C)C/C([O-])=[NH+]\c1cccc2nsnc12,1.82
CCC(C)C1COc2ccc3nsnc3c2O1,1.58
C1COc2c3c(c4nsnc4c2N1)OCCO3,1.41
CCC1Cc2ccc3nsnc3c2O1,1.63
CCCCC1COc2ccc3nsnc3c2O1,1.58
CCC(C)Nc1c2c(cc3nsnc13)C1CCC2CC1,1.41
CCCCc1c2c(cc3nsnc13)C1CCC2CC1,1.4
CC1CC([O-])=[NH+]c2c(ccc3nsnc23)C1,1.74
COc1ccc2nsnc2c1,1.66
c1ccc2nsnc2c1,1.71
C/C([O-])=[NH+]\c1cccc2nsnc12,1.82
